name,team,position,salary,opponent,status,season,week,pred_Ridge,pred_RF,pred_GB,pred_XGB,max_pred,min_pred,median_pred,value
Lamar Jackson,BAL,QB,7800,WAS,Active,2024.0,6,,24.59343427821353,25.460136985542867,25.117788,25.460136985542867,24.59343427821353,25.117788314819336,3.220229271130684
Jayden Daniels,WAS,QB,7300,BAL,Active,2024.0,6,,21.4775484238666,21.390792475653406,21.77604,21.776039123535156,21.390792475653406,21.4775484238666,2.9421299210776164
Jared Goff,DET,QB,6400,DAL,Active,2024.0,6,,21.294025171371125,21.208995702954294,21.044231,21.294025171371125,21.044231414794922,21.208995702954294,3.3139055785866085
Jalen Hurts,PHI,QB,7200,CLE,Active,2024.0,6,,20.181216690185394,20.800139589689763,20.618696,20.800139589689763,20.181216690185394,20.618696212768555,2.8637078073289657
Dak Prescott,DAL,QB,6700,DET,Active,2024.0,6,,20.349655318716437,20.432039505316403,20.687336,20.687335968017578,20.349655318716437,20.432039505316403,3.0495581351218513
CeeDee Lamb,DAL,WR,8600,DET,Active,2024.0,6,,20.18162757012697,20.15954984922977,20.47986,20.479860305786133,20.15954984922977,20.18162757012697,2.3467008802473224
Kirk Cousins,ATL,QB,6200,CAR,Active,2024.0,6,,19.406785832832753,19.745784782463506,19.626131,19.745784782463506,19.406785832832753,19.626131057739258,3.1655050093127834
Jordan Love,GB,QB,6600,ARI,Active,2024.0,6,,18.225604967894824,18.593724780492185,19.029123,19.029123306274414,18.225604967894824,18.593724780492185,2.8172310273473005
Kyler Murray,ARI,QB,6800,GB,Active,2024.0,6,,17.773088735555877,18.83704856204345,17.912287,18.83704856204345,17.773088735555877,17.91228675842285,2.6341598174151253
Justin Fields,PIT,QB,5800,LV,Active,2024.0,6,,16.48475577696753,18.98813553723911,17.909285,18.98813553723911,16.48475577696753,17.909284591674805,3.087807688219794
Bijan Robinson,ATL,RB,6600,CAR,Active,2024.0,6,,16.837031962103325,17.878865906311635,18.085463,18.08546257019043,16.837031962103325,17.878865906311635,2.708919076713884
Joe Mixon,HOU,RB,6900,NE,Q,2024.0,6,,15.804957210752914,17.62194073524805,17.331696,17.62194073524805,15.804957210752914,17.331695556640625,2.511839935745018
Baker Mayfield,TB,QB,6500,NO,Active,2024.0,6,,17.447624396978426,17.12175757896122,17.327778,17.447624396978426,17.12175757896122,17.327777862548828,2.665811978853666
Anthony Richardson,IND,QB,6000,TEN,Q,2024.0,6,,17.176769226087693,17.765870738528022,16.979235,17.765870738528022,16.97923469543457,17.176769226087693,2.8627948710146156
Derrick Henry,BAL,RB,8000,WAS,Active,2024.0,6,,17.65814970243291,16.168722991921786,16.662039,17.65814970243291,16.168722991921786,16.662038803100586,2.0827548503875732
Saquon Barkley,PHI,RB,8200,CLE,Active,2024.0,6,,17.05494681960838,16.20565160466032,16.576714,17.05494681960838,16.20565160466032,16.57671356201172,2.021550434391673
Alvin Kamara,NO,RB,7700,TB,Active,2024.0,6,,16.346535454751134,16.57454858864099,16.508015,16.57454858864099,16.346535454751134,16.508014678955078,2.1438980102539062
CJ Stroud,HOU,QB,7000,NE,Active,2024.0,6,,16.51400696329044,16.142771977662793,16.033253,16.51400696329044,16.033252716064453,16.142771977662793,2.3061102825232562
Zay Flowers,BAL,WR,6500,WAS,Active,2024.0,6,,14.572634017603512,16.209679390083785,15.999448,16.209679390083785,14.572634017603512,15.9994478225708,2.4614535111647387
DeVonta Smith,PHI,WR,6800,CLE,Active,2024.0,6,,15.663416867727314,15.966602005362274,16.05856,16.05855941772461,15.663416867727314,15.966602005362274,2.3480297066709226
Tank Dell,HOU,WR,6200,NE,Active,2024.0,6,,15.746676190050987,18.529322681843897,15.845757,18.529322681843897,15.746676190050987,15.845756530761719,2.5557671823809223
Chris Godwin,TB,WR,6900,NO,Active,2024.0,6,,14.418234751502448,15.74298325680896,15.658625,15.74298325680896,14.418234751502448,15.658624649047852,2.2693658911663555
Josh Jacobs,GB,RB,6700,ARI,Active,2024.0,6,,15.068251946380324,15.52875285197433,15.728014,15.72801399230957,15.068251946380324,15.52875285197433,2.317724306264825
Bo Nix,DEN,QB,5400,LAC,Active,2024.0,6,,14.636711624813703,15.466489049070173,15.956669,15.956668853759766,14.636711624813703,15.466489049070173,2.864164638716699
Will Levis,TEN,QB,4800,IND,Active,2024.0,6,,15.583979808073389,15.122662910048668,15.189206,15.583979808073389,15.122662910048668,15.18920612335205,3.1644179423650107
Stefon Diggs,HOU,WR,7400,NE,Active,2024.0,6,,14.712830261045447,14.914011898524052,15.17929,15.179289817810059,14.712830261045447,14.914011898524052,2.015407013314061
Drake London,ATL,WR,6700,CAR,Active,2024.0,6,,14.8827948840941,14.875462969205088,15.222685,15.222684860229492,14.875462969205088,14.8827948840941,2.221312669267776
James Conner,ARI,RB,6800,GB,Active,2024.0,6,,14.306755083628731,14.893994219175804,14.646789,14.893994219175804,14.306755083628731,14.646788597106934,2.153939499574549
Jahmyr Gibbs,DET,RB,7000,DAL,Active,2024.0,6,,13.193156332224815,14.432820057708081,14.696447,14.696447372436523,13.193156332224815,14.432820057708081,2.0618314368154405
Andy Dalton,CAR,QB,5200,ATL,Active,2024.0,6,,14.672084543246992,14.332670191293605,14.212988,14.672084543246992,14.212987899780273,14.332670191293605,2.756282729094924
Deshaun Watson,CLE,QB,5100,PHI,Active,2024.0,6,,14.194782304112119,14.00344184509183,14.331372,14.331372261047363,14.00344184509183,14.194782304112119,2.783290647865121
Amari Cooper,CLE,WR,6000,PHI,Active,2024.0,6,,13.947154412671148,15.263538935396863,14.1247835,15.263538935396863,13.947154412671148,14.124783515930176,2.354130585988363
Spencer Rattler,NO,QB,4000,TB,Active,2024.0,6,,13.523401336873334,15.000691051953053,14.115859,15.000691051953053,13.523401336873334,14.115859031677246,3.5289647579193115
Mike Evans,TB,WR,7300,NO,Active,2024.0,6,,14.018501168030737,14.050562089931832,14.311245,14.31124496459961,14.018501168030737,14.050562089931832,1.9247345328673744
Chuba Hubbard,CAR,RB,6300,ATL,Active,2024.0,6,,14.03456529869325,13.235961068131555,13.469796,14.03456529869325,13.235961068131555,13.469796180725098,2.13806288582938
Marvin Harrison,ARI,WR,7200,GB,Active,2024.0,6,,13.693531371571698,13.404447254832581,13.1476345,13.693531371571698,13.147634506225586,13.404447254832581,1.861728785393414
Jake Ferguson,DAL,TE,5000,DET,Active,2024.0,6,,13.283244471874767,13.373664151290916,13.310251,13.373664151290916,13.283244471874767,13.310251235961914,2.662050247192383
Justin Herbert,LAC,QB,5500,DEN,Active,2024.0,6,,13.358171705229728,12.776604292788798,13.277609,13.358171705229728,12.776604292788798,13.277608871459961,2.414110703901811
Terry McLaurin,WAS,WR,6400,BAL,Active,2024.0,6,,12.463908362573202,13.95885333844991,13.266028,13.95885333844991,12.463908362573202,13.26602840423584,2.07281693816185
Dallas Goedert,PHI,TE,5200,CLE,Active,2024.0,6,,12.72200155845531,13.214156075592843,13.423902,13.423901557922363,12.72200155845531,13.214156075592843,2.5411838606909316
Tony Pollard,TEN,RB,6000,IND,Active,2024.0,6,,13.386827388131707,13.189489874874116,13.094673,13.386827388131707,13.094673156738281,13.189489874874116,2.1982483124790195
Aidan O'Connell,LV,QB,4900,PIT,Active,2024.0,6,,13.068362603362722,13.720112356165581,13.001943,13.720112356165581,13.00194263458252,13.068362603362722,2.667012776196474
George Pickens,PIT,WR,5900,LV,Active,2024.0,6,,13.411225954250646,12.822089637212489,12.981447,13.411225954250646,12.822089637212489,12.981447219848633,2.200245291499768
Brock Bowers,LV,TE,6000,PIT,Active,2024.0,6,,13.500535448592334,12.899233683320025,12.963289,13.500535448592334,12.899233683320025,12.963289260864258,2.160548210144043
Jayden Reed,GB,WR,7000,ARI,Active,2024.0,6,,12.05547964109179,12.940861709227173,13.348777,13.348776817321777,12.05547964109179,12.940861709227173,1.848694529889596
Darnell Mooney,ATL,WR,5300,CAR,Active,2024.0,6,,13.089570856083888,12.45325300255055,12.921274,13.089570856083888,12.45325300255055,12.921274185180664,2.4379762613548426
Najee Harris,PIT,RB,5800,LV,Active,2024.0,6,,13.495484611409426,12.259561427420397,12.777339,13.495484611409426,12.259561427420397,12.777338981628418,2.2029894795911065
Rashid Shaheed,NO,WR,5600,TB,Active,2024.0,6,,12.081608542985412,12.76170567269442,12.687708,12.76170567269442,12.081608542985412,12.687707901000977,2.265662125178746
David Njoku,CLE,TE,4200,PHI,Active,2024.0,6,,12.329423093796231,12.478837785677742,12.589775,12.589775085449219,12.329423093796231,12.478837785677742,2.971151853732796
Nick Chubb,CLE,RB,5800,PHI,Active,2024.0,6,,12.464738924507937,12.857285123718853,12.427762,12.857285123718853,12.427762031555176,12.464738924507937,2.14909291801861
Rachaad White,TB,RB,5700,NO,D,2024.0,6,,10.893077841114778,12.39535554867011,12.563102,12.563101768493652,10.893077841114778,12.39535554867011,2.1746237804684405
Trey McBride,ARI,TE,5700,GB,Active,2024.0,6,,12.927011477637866,12.280100006133155,12.312216,12.927011477637866,12.280100006133155,12.312215805053711,2.1600378605357387
David Montgomery,DET,RB,6500,DAL,Active,2024.0,6,,11.70687777563984,12.287449205081662,12.97443,12.974430084228516,11.70687777563984,12.287449205081662,1.8903768007817943
Diontae Johnson,CAR,WR,6100,ATL,Q,2024.0,6,,11.416438951997945,12.185037625130652,12.379762,12.379761695861816,11.416438951997945,12.185037625130652,1.9975471516607626
Drake Maye,NE,QB,5000,HOU,Active,2024.0,6,,11.598643334737812,12.4192264409855,12.1397085,12.4192264409855,11.598643334737812,12.139708518981934,2.427941703796387
Calvin Ridley,TEN,WR,5700,IND,Active,2024.0,6,,11.583243529066253,12.031176344494797,12.143045,12.143045425415039,11.583243529066253,12.031176344494797,2.110732692016631
Chris Olave,NO,WR,6600,TB,Active,2024.0,6,,12.054102282243115,12.021389683440763,11.806201,12.054102282243115,11.806200981140137,12.021389683440763,1.8214226793092063
Zamir White,LV,RB,4900,PIT,Q,2024.0,6,,12.63126130971266,11.767896458872386,11.88915,12.63126130971266,11.767896458872386,11.88914966583252,2.426357074659698
Jakobi Meyers,LV,WR,5400,PIT,Q,2024.0,6,,11.731599688298369,11.72760609047836,11.990832,11.990832328796387,11.72760609047836,11.731599688298369,2.1725184607959944
Brian Robinson,WAS,RB,6400,BAL,Q,2024.0,6,,11.563396666825712,11.612437963961943,11.660091,11.660091400146484,11.563396666825712,11.612437963961943,1.8144434318690534
Jaret Patterson,LAC,RB,4000,DEN,Active,2024.0,6,,11.483718915817821,12.203886888974687,11.392417,12.203886888974687,11.392416954040527,11.483718915817821,2.8709297289544553
Ladd McConkey,LAC,WR,4900,DEN,Active,2024.0,6,,11.378283688693877,11.905016382472347,11.413841,11.905016382472347,11.378283688693877,11.413841247558594,2.329355356644611
Michael Pittman,IND,WR,6300,TEN,Q,2024.0,6,,10.760130805531002,11.307426460249564,11.592493,11.592493057250977,10.760130805531002,11.307426460249564,1.7948295968650103
Sam LaPorta,DET,TE,5500,DAL,Active,2024.0,6,,11.305439119793474,11.237353547230537,11.148111,11.305439119793474,11.148111343383789,11.237353547230537,2.0431551904055523
Justice Hill,BAL,RB,5200,WAS,Active,2024.0,6,,10.956856140689979,10.469526095658344,10.875447,10.956856140689979,10.469526095658344,10.875447273254395,2.0914321679335375
HOU,HOU,D,3600,NE,Active,2024.0,6,10.781708058664723,,10.76549912541583,10.779221,10.781708058664723,10.76549912541583,10.779220581054688,2.9942279391818576
Bucky Irving,TB,RB,5400,NO,Active,2024.0,6,,10.315956445989997,10.782259112345303,10.709662,10.782259112345303,10.315956445989997,10.709662437438965,1.9832708217479567
PHI,PHI,D,3400,CLE,Active,2024.0,6,10.538316382180394,,10.630449738847396,10.636938,10.636938095092773,10.538316382180394,10.630449738847396,3.126602864366881
Romeo Doubs,GB,WR,5200,ARI,Active,2024.0,6,,10.626210922803788,10.487568841414424,10.272088,10.626210922803788,10.272088050842285,10.487568841414424,2.016840161810466
Devaughn Vele,DEN,WR,3000,LAC,Active,2024.0,6,,10.45021096758171,10.803643586758028,10.48062,10.803643586758028,10.45021096758171,10.480620384216309,3.4935401280721026
Jameson Williams,DET,WR,5800,DAL,Active,2024.0,6,,10.699468649681881,10.037483483077159,10.384231,10.699468649681881,10.037483483077159,10.384230613708496,1.7903845885704304
Tre Tucker,LV,WR,4200,PIT,Active,2024.0,6,,11.656036724000012,10.291677046343716,10.322659,11.656036724000012,10.291677046343716,10.32265853881836,2.4577758425757996
Jerry Jeudy,CLE,WR,5000,PHI,Active,2024.0,6,,10.181111162933469,10.123830466265666,10.154464,10.181111162933469,10.123830466265666,10.154463768005371,2.030892753601074
Keaton Mitchell,BAL,RB,4000,WAS,Active,2024.0,6,,9.975528755333487,10.880084521527243,10.138031,10.880084521527243,9.975528755333487,10.138031005859375,2.5345077514648438
Tyler Allgeier,ATL,RB,5100,CAR,Active,2024.0,6,,9.968152563321244,10.430465486217818,9.590729,10.430465486217818,9.590728759765625,9.968152563321244,1.954539718298283
Cade Otton,TB,TE,3500,NO,Active,2024.0,6,,9.59149261254485,10.150140440080808,9.914955,10.150140440080808,9.59149261254485,9.914955139160156,2.8328443254743303
DeAndre Hopkins,TEN,WR,5100,IND,Active,2024.0,6,,9.836237939111873,9.966151652700649,9.483507,9.966151652700649,9.48350715637207,9.836237939111873,1.9286741057082104
PIT,PIT,D,3700,LV,Active,2024.0,6,9.815382468221987,,9.754448751774673,9.778424,9.815382468221987,9.754448751774673,9.778424263000488,2.6428173683785103
Josh Downs,IND,WR,5500,TEN,Q,2024.0,6,,9.186518968510029,9.967284919041347,9.709644,9.967284919041347,9.186518968510029,9.709644317626953,1.7653898759321733
Courtland Sutton,DEN,WR,5300,LAC,Active,2024.0,6,,11.315122877750865,9.706075871005556,9.675003,11.315122877750865,9.675003051757812,9.706075871005556,1.8313350700010482
LAC,LAC,D,3300,DEN,Active,2024.0,6,9.963379772659152,,9.678151878585627,9.694053,9.963379772659152,9.678151878585627,9.694052696228027,2.937591726129705
Jerome Ford,CLE,RB,5600,PHI,Active,2024.0,6,,9.437664527999162,9.664141585660715,10.242988,10.242987632751465,9.437664527999162,9.664141585660715,1.7257395688679849
Austin Ekeler,WAS,RB,5600,BAL,Active,2024.0,6,,10.367860490665686,9.055100402419148,9.549693,10.367860490665686,9.055100402419148,9.54969310760498,1.7053023406437466
Michael Wilson,ARI,WR,4600,GB,Active,2024.0,6,,9.762400950533147,9.549643360363662,9.439579,9.762400950533147,9.439579010009766,9.549643360363662,2.0760094261660136
Javonte Williams,DEN,RB,5500,LAC,Active,2024.0,6,,9.502364626028296,9.1116215459008,9.91932,9.919320106506348,9.1116215459008,9.502364626028296,1.727702659277872
Dalton Schultz,HOU,TE,4100,NE,Active,2024.0,6,,9.431353930058293,9.582426386054397,9.327079,9.582426386054397,9.327078819274902,9.431353930058293,2.300330226843486
Rico Dowdle,DAL,RB,5900,DET,Active,2024.0,6,,9.46247010768672,9.369804313666151,8.963789,9.46247010768672,8.963788986206055,9.369804313666151,1.5881024260451102
La'Mical Perine,PIT,RB,4000,LV,Active,2024.0,6,,9.483594837396288,9.346726303016938,9.288759,9.483594837396288,9.288759231567383,9.346726303016938,2.3366815757542345
Christian Watson,GB,WR,4800,ARI,Q,2024.0,6,,9.213521597411734,9.376113730497504,9.343553,9.376113730497504,9.213521597411734,9.343552589416504,1.9465734561284382
Pat Freiermuth,PIT,TE,4300,LV,Active,2024.0,6,,8.569622388942074,9.31807203729181,9.196143,9.31807203729181,8.569622388942074,9.19614315032959,2.1386379419371138
Ray-Ray McCloud,ATL,WR,4300,CAR,Active,2024.0,6,,9.244158688288685,8.765996117210307,9.015729,9.244158688288685,8.765996117210307,9.015728950500488,2.096681151279183
Ezekiel Elliott,DAL,RB,4400,DET,Active,2024.0,6,,9.05271610890504,8.482333172458075,8.988853,9.05271610890504,8.482333172458075,8.988853454589844,2.04292123967951
Ryan Flournoy,DAL,WR,3000,DET,Active,2024.0,6,,8.963051825912123,8.872213969783402,9.135491,9.135491371154785,8.872213969783402,8.963051825912123,2.9876839419707077
Jalen Cropper,DAL,WR,3000,DET,Active,2024.0,6,,8.963051825912123,8.872213969783402,9.135491,9.135491371154785,8.872213969783402,8.963051825912123,2.9876839419707077
Kelvin Harmon,DAL,WR,3000,DET,Active,2024.0,6,,8.963051825912123,8.872213969783402,9.135491,9.135491371154785,8.872213969783402,8.963051825912123,2.9876839419707077
KaVontae Turpin,DAL,WR,3800,DET,Active,2024.0,6,,8.963051825912123,8.872213969783402,9.135491,9.135491371154785,8.872213969783402,8.963051825912123,2.3586978489242427
John Stephens,DAL,TE,2500,DET,Active,2024.0,6,,8.963051825912123,8.872213969783402,9.135491,9.135491371154785,8.872213969783402,8.963051825912123,3.585220730364849
Isaiah Williams,DET,WR,3000,DAL,Active,2024.0,6,,8.799380442653426,8.89796574378674,9.070483,9.070483207702637,8.799380442653426,8.89796574378674,2.9659885812622466
Amon-Ra St Brown,DET,WR,8100,DAL,Active,2024.0,6,,8.799380442653426,8.89796574378674,9.070483,9.070483207702637,8.799380442653426,8.89796574378674,1.0985142893563877
TB,TB,D,2600,NO,Active,2024.0,6,8.562223918600239,,8.916703480346202,8.881475,8.916703480346202,8.562223918600239,8.881475448608398,3.4159520956186147
Devontez Walker,BAL,WR,3000,WAS,Active,2024.0,6,,8.943369909241571,8.699491096082497,8.850165,8.943369909241571,8.699491096082497,8.850165367126465,2.9500551223754883
Qadir Ismail,BAL,TE,2500,WAS,Active,2024.0,6,,8.943369909241571,8.699491096082497,8.850165,8.943369909241571,8.699491096082497,8.850165367126465,3.5400661468505863
Dayton Wade,BAL,WR,3000,WAS,Active,2024.0,6,,8.943369909241571,8.699491096082497,8.850165,8.943369909241571,8.699491096082497,8.850165367126465,2.9500551223754883
Anthony Miller,BAL,WR,3000,WAS,Active,2024.0,6,,8.943369909241571,8.699491096082497,8.850165,8.943369909241571,8.699491096082497,8.850165367126465,2.9500551223754883
Jesse Matthews,ATL,WR,3000,CAR,Active,2024.0,6,,8.76206621012775,8.842849870931989,8.989915,8.989914894104004,8.76206621012775,8.842849870931989,2.9476166236439965
Casey Washington,ATL,WR,3000,CAR,Active,2024.0,6,,8.76206621012775,8.842849870931989,8.989915,8.989914894104004,8.76206621012775,8.842849870931989,2.9476166236439965
Dylan Drummond,ATL,WR,3000,CAR,Active,2024.0,6,,8.76206621012775,8.842849870931989,8.989915,8.989914894104004,8.76206621012775,8.842849870931989,2.9476166236439965
Chris Blair,ATL,WR,3000,CAR,Active,2024.0,6,,8.76206621012775,8.842849870931989,8.989915,8.989914894104004,8.76206621012775,8.842849870931989,2.9476166236439965
Greg Dortch,ARI,WR,4300,GB,Active,2024.0,6,,8.612791044957241,8.857193821724831,8.833448,8.857193821724831,8.612791044957241,8.83344841003418,2.0542903279149254
Jaylen Warren,PIT,RB,5000,LV,Q,2024.0,6,,10.410498735800743,8.80875096275361,8.798507,10.410498735800743,8.798506736755371,8.80875096275361,1.761750192550722
Johnny Johnson,HOU,WR,3000,NE,Active,2024.0,6,,8.615437736331497,8.784678226791755,8.854315,8.854314804077148,8.615437736331497,8.784678226791755,2.9282260755972516
Xavier Johnson,HOU,WR,3000,NE,Active,2024.0,6,,8.615437736331497,8.784678226791755,8.854315,8.854314804077148,8.615437736331497,8.784678226791755,2.9282260755972516
Xavier Legette,CAR,WR,4900,ATL,Active,2024.0,6,,8.704046317374374,8.763315347935627,8.873186,8.873186111450195,8.704046317374374,8.763315347935627,1.788431703660332
Cornelius Johnson,GB,WR,3000,ARI,Active,2024.0,6,,8.687547273154062,8.761617829243935,8.922439,8.922438621520996,8.687547273154062,8.761617829243935,2.9205392764146447
Julian Hicks,GB,WR,3000,ARI,Active,2024.0,6,,8.687547273154062,8.761617829243935,8.922439,8.922438621520996,8.687547273154062,8.761617829243935,2.9205392764146447
TJ Luther,GB,WR,3000,ARI,Active,2024.0,6,,8.687547273154062,8.761617829243935,8.922439,8.922438621520996,8.687547273154062,8.761617829243935,2.9205392764146447
Tucker Kraft,GB,TE,4800,ARI,Active,2024.0,6,,8.044467914910141,8.888655394365253,8.719331,8.888655394365253,8.044467914910141,8.719330787658691,1.816527247428894
Robert Burns,ATL,RB,4000,CAR,Active,2024.0,6,,8.697263635838503,8.872294279340702,8.646506,8.872294279340702,8.646506309509277,8.697263635838503,2.174315908959626
Jase McClellan,ATL,RB,4000,CAR,Active,2024.0,6,,8.697263635838503,8.872294279340702,8.646506,8.872294279340702,8.646506309509277,8.697263635838503,2.174315908959626
Carlos Washington,ATL,RB,4000,CAR,Active,2024.0,6,,8.697263635838503,8.872294279340702,8.646506,8.872294279340702,8.646506309509277,8.697263635838503,2.174315908959626
DEN,DEN,D,3200,LAC,Active,2024.0,6,8.650051489329238,,8.696829431539141,8.680009,8.696829431539141,8.650051489329238,8.680008888244629,2.7125027775764465
ATL,ATL,D,3500,CAR,Active,2024.0,6,8.637906305193008,,8.656770973095554,8.645994,8.656770973095554,8.637906305193008,8.645994186401367,2.4702840532575334
Xavier Weaver,ARI,WR,3000,GB,Active,2024.0,6,,8.645366255478386,8.560514059475734,8.669716,8.669715881347656,8.560514059475734,8.645366255478386,2.8817887518261287
Tejhaun Palmer,ARI,WR,3000,GB,Active,2024.0,6,,8.645366255478386,8.560514059475734,8.669716,8.669715881347656,8.560514059475734,8.645366255478386,2.8817887518261287
Dan Chisena,ARI,WR,3000,GB,Active,2024.0,6,,8.645366255478386,8.560514059475734,8.669716,8.669715881347656,8.560514059475734,8.645366255478386,2.8817887518261287
Mitchell Tinsley,WAS,WR,3000,BAL,Active,2024.0,6,,8.707243089343455,8.609976860917586,8.619289,8.707243089343455,8.609976860917586,8.61928939819336,2.873096466064453
Kazmeir Allen,WAS,WR,3000,BAL,Active,2024.0,6,,8.707243089343455,8.609976860917586,8.619289,8.707243089343455,8.609976860917586,8.61928939819336,2.873096466064453
Chris Collier,BAL,RB,4000,WAS,Active,2024.0,6,,8.616854946315083,8.784433971648657,8.61144,8.784433971648657,8.61143970489502,8.616854946315083,2.154213736578771
AJ Brown,PHI,WR,7800,CLE,Active,2024.0,6,,8.414968724953418,8.614853440651741,8.678781,8.678780555725098,8.414968724953418,8.614853440651741,1.1044683898271461
Marcus Rosemy-Jacksaint,PHI,WR,3000,CLE,Active,2024.0,6,,8.414968724953418,8.614853440651741,8.678781,8.678780555725098,8.414968724953418,8.614853440651741,2.8716178135505803
Kendrick Bourne,NE,WR,3800,HOU,Q,2024.0,6,,8.493706133389994,8.58631562111417,8.609587,8.609586715698242,8.493706133389994,8.58631562111417,2.2595567423984657
Jermaine Jackson,NO,WR,3000,TB,Active,2024.0,6,,8.398250323998088,8.578158406554296,8.570916,8.578158406554296,8.398250323998088,8.570916175842285,2.856972058614095
Kevin Austin,NO,WR,3000,TB,Active,2024.0,6,,8.398250323998088,8.578158406554296,8.570916,8.578158406554296,8.398250323998088,8.570916175842285,2.856972058614095
Equanimeous St Brown,NO,WR,3000,TB,Active,2024.0,6,,8.398250323998088,8.578158406554296,8.570916,8.578158406554296,8.398250323998088,8.570916175842285,2.856972058614095
Tyjae Spears,TEN,RB,5100,IND,Active,2024.0,6,,9.5713852999308,8.368619130679793,8.533497,9.5713852999308,8.368619130679793,8.533496856689453,1.6732346777822458
Scotty Miller,PIT,WR,3000,LV,Active,2024.0,6,,8.13328258946546,8.526228452486958,8.531643,8.53164291381836,8.13328258946546,8.526228452486958,2.842076150828986
Roman Wilson,PIT,WR,3200,LV,Active,2024.0,6,,8.13328258946546,8.526228452486958,8.531643,8.53164291381836,8.13328258946546,8.526228452486958,2.664446391402174
Jaray Jenkins,PIT,WR,3000,LV,Active,2024.0,6,,8.13328258946546,8.526228452486958,8.531643,8.53164291381836,8.13328258946546,8.526228452486958,2.842076150828986
Praise Olatoke,CAR,WR,3000,ATL,Active,2024.0,6,,8.201360440817586,8.502248903568233,8.497949,8.502248903568233,8.201360440817586,8.49794864654541,2.83264954884847
Deon Cain,CAR,WR,3000,ATL,Active,2024.0,6,,8.201360440817586,8.502248903568233,8.497949,8.502248903568233,8.201360440817586,8.49794864654541,2.83264954884847
TEN,TEN,D,2800,IND,Active,2024.0,6,8.079264965786766,,8.473903559423793,8.457232,8.473903559423793,8.079264965786766,8.457232475280762,3.0204401697431296
Kristian Wilkerson,LV,WR,3000,PIT,Active,2024.0,6,,8.335806819303475,8.480711050039426,8.452207,8.480711050039426,8.335806819303475,8.4522066116333,2.8174022038777666
Ramel Keyton,LV,WR,3000,PIT,Active,2024.0,6,,8.335806819303475,8.480711050039426,8.452207,8.480711050039426,8.335806819303475,8.4522066116333,2.8174022038777666
DJ Turner,LV,WR,3300,PIT,Active,2024.0,6,,8.335806819303475,8.480711050039426,8.452207,8.480711050039426,8.335806819303475,8.4522066116333,2.56127473079797
Justin Shorter,LV,WR,3000,PIT,Active,2024.0,6,,8.335806819303475,8.480711050039426,8.452207,8.480711050039426,8.335806819303475,8.4522066116333,2.8174022038777666
Alex Bachman,LV,WR,3000,PIT,Active,2024.0,6,,8.335806819303475,8.480711050039426,8.452207,8.480711050039426,8.335806819303475,8.4522066116333,2.8174022038777666
Ellis Merriweather,GB,RB,4000,ARI,Active,2024.0,6,,8.465438134555708,8.450802659202383,8.193996,8.465438134555708,8.19399642944336,8.450802659202383,2.1127006648005957
Chris Brooks,GB,RB,4000,ARI,Active,2024.0,6,,8.465438134555708,8.450802659202383,8.193996,8.465438134555708,8.19399642944336,8.450802659202383,2.1127006648005957
Tay Martin,TEN,WR,3000,IND,Active,2024.0,6,,8.000139766030394,8.482333072045602,8.435296,8.482333072045602,8.000139766030394,8.435296058654785,2.8117653528849282
Jha'Quan Jackson,TEN,WR,3000,IND,Active,2024.0,6,,8.000139766030394,8.482333072045602,8.435296,8.482333072045602,8.000139766030394,8.435296058654785,2.8117653528849282
Bryce Oliver,TEN,WR,3000,IND,Active,2024.0,6,,8.000139766030394,8.482333072045602,8.435296,8.482333072045602,8.000139766030394,8.435296058654785,2.8117653528849282
Rashod Bateman,BAL,WR,4100,WAS,Active,2024.0,6,,7.919916523875924,8.654604881681873,8.435252,8.654604881681873,7.919916523875924,8.43525218963623,2.057378582838105
Brenden Rice,LAC,WR,3000,DEN,Active,2024.0,6,,8.194068204015325,8.4730063939935,8.429498,8.4730063939935,8.194068204015325,8.429497718811035,2.8098325729370117
Joshua Palmer,LAC,WR,4500,DEN,Active,2024.0,6,,8.194068204015325,8.4730063939935,8.429498,8.4730063939935,8.194068204015325,8.429497718811035,1.873221715291341
Dez Fitzpatrick,LAC,WR,3000,DEN,Active,2024.0,6,,8.194068204015325,8.4730063939935,8.429498,8.4730063939935,8.194068204015325,8.429497718811035,2.8098325729370117
Jaylen Johnson,LAC,WR,3000,DEN,Active,2024.0,6,,8.194068204015325,8.4730063939935,8.429498,8.4730063939935,8.194068204015325,8.429497718811035,2.8098325729370117
Alec Pierce,IND,WR,5400,TEN,Active,2024.0,6,,10.878844563016054,8.239341583319426,8.420573,10.878844563016054,8.239341583319426,8.420573234558105,1.5593654138070565
Jermar Jefferson,DET,RB,4000,DAL,Active,2024.0,6,,8.393255352970264,8.66042217313595,8.349239,8.66042217313595,8.349239349365234,8.393255352970264,2.098313838242566
JJ Taylor,HOU,RB,4000,NE,Active,2024.0,6,,8.483987477382781,8.36570992358649,8.137582,8.483987477382781,8.137581825256348,8.36570992358649,2.0914274808966224
David Sills V,DEN,WR,3000,LAC,Active,2024.0,6,,7.89158390387815,8.34798121059995,8.3916645,8.391664505004883,7.89158390387815,8.34798121059995,2.782660403533317
Hunter Henry,NE,TE,3800,HOU,Active,2024.0,6,,8.7084037390557,8.319984259004112,8.198529,8.7084037390557,8.198529243469238,8.319984259004112,2.1894695418431875
Jamari Thrash,CLE,WR,3000,PHI,Active,2024.0,6,,8.122382229038958,8.318999636306053,8.330979,8.330979347229004,8.122382229038958,8.318999636306053,2.7729998787686845
Michael Woods,CLE,WR,3000,PHI,Active,2024.0,6,,8.122382229038958,8.318999636306053,8.330979,8.330979347229004,8.122382229038958,8.318999636306053,2.7729998787686845
LV,LV,D,3000,PIT,Active,2024.0,6,7.921502889730253,,8.322620186747207,8.306282,8.322620186747207,7.921502889730253,8.306282043457031,2.7687606811523438
Will Shipley,PHI,RB,4100,CLE,Active,2024.0,6,,8.667184751306864,8.296463911972262,8.290393,8.667184751306864,8.290392875671387,8.296463911972262,2.023527783407869
Jabari Small,TEN,RB,4000,IND,Active,2024.0,6,,8.344791202412148,8.238089861290062,8.018674,8.344791202412148,8.01867389678955,8.238089861290062,2.0595224653225155
Michael Wiley,WAS,RB,4000,BAL,Active,2024.0,6,,8.589662706603775,8.212262099953458,7.7765055,8.589662706603775,7.776505470275879,8.212262099953458,2.0530655249883645
Bo Melton,GB,WR,3500,ARI,Active,2024.0,6,,7.939448949389278,8.322569229156155,8.211902,8.322569229156155,7.939448949389278,8.211901664733887,2.3462576184953963
Dontayvion Wicks,GB,WR,5200,ARI,Active,2024.0,6,,7.282091702724551,8.186416133909521,8.213428,8.213427543640137,7.282091702724551,8.186416133909521,1.5743107949826
DJ Williams,TB,RB,4000,NO,Active,2024.0,6,,8.007033327848768,8.366933639644435,8.100945,8.366933639644435,8.007033327848768,8.100945472717285,2.0252363681793213
Juwan Johnson,NO,TE,3100,TB,Active,2024.0,6,,7.999813136874382,8.164259507701487,8.093437,8.164259507701487,7.999813136874382,8.093437194824219,2.61078619187878
DJ Montgomery,IND,WR,3000,TEN,Active,2024.0,6,,7.610069960607001,8.07931221407376,8.072931,8.07931221407376,7.610069960607001,8.072931289672852,2.690977096557617
Anthony Gould,IND,WR,3000,TEN,Active,2024.0,6,,7.610069960607001,8.07931221407376,8.072931,8.07931221407376,7.610069960607001,8.072931289672852,2.690977096557617
GB,GB,D,3100,ARI,Active,2024.0,6,7.93061493807142,,8.08604964640512,8.057294,8.08604964640512,7.93061493807142,8.057293891906738,2.599127061905399
Quentin Johnston,LAC,WR,4700,DEN,Active,2024.0,6,,8.045774256983428,8.318269276978441,8.046126,8.318269276978441,8.045774256983428,8.046126365661621,1.7119417799280046
Zach Ertz,WAS,TE,3700,BAL,Active,2024.0,6,,8.4708782014903,8.005774502879454,7.562641,8.4708782014903,7.562641143798828,8.005774502879454,2.163722838616069
IND,IND,D,3100,TEN,Active,2024.0,6,7.783530287319153,,7.873174655688213,7.8609247,7.873174655688213,7.783530287319153,7.86092472076416,2.5357821679884385
Kyle Pitts,ATL,TE,4400,CAR,Active,2024.0,6,,7.931759094703372,7.807014729283618,7.7621593,7.931759094703372,7.76215934753418,7.807014729283618,1.7743215293826404
Dillon Johnson,CAR,RB,4000,ATL,Active,2024.0,6,,7.7901113956494985,7.990266330501356,7.574782,7.990266330501356,7.574781894683838,7.7901113956494985,1.9475278489123746
Antonio Gibson,NE,RB,5300,HOU,Active,2024.0,6,,7.783862316829078,7.651056727489719,9.481556,9.481555938720703,7.651056727489719,7.783862316829078,1.4686532673262411
Javon Baker,NE,WR,3000,HOU,Active,2024.0,6,,7.652505919229645,7.7945830356093175,7.782957,7.7945830356093175,7.652505919229645,7.782957077026367,2.5943190256754556
KJ Osborn,NE,WR,3300,HOU,Q,2024.0,6,,7.652505919229645,7.7945830356093175,7.782957,7.7945830356093175,7.652505919229645,7.782957077026367,2.3584718415231416
DeMario Douglas,NE,WR,4400,HOU,Active,2024.0,6,,7.652505919229645,7.7945830356093175,7.782957,7.7945830356093175,7.652505919229645,7.782957077026367,1.7688538811423562
Matt Landers,NE,WR,3000,HOU,Active,2024.0,6,,7.652505919229645,7.7945830356093175,7.782957,7.7945830356093175,7.652505919229645,7.782957077026367,2.5943190256754556
Kimani Vidal,LAC,RB,4000,DEN,Active,2024.0,6,,8.071631125216342,7.780008903559658,7.418665,8.071631125216342,7.418664932250977,7.780008903559658,1.9450022258899144
JK Dobbins,LAC,RB,6200,DEN,Active,2024.0,6,,8.071631125216342,7.780008903559658,7.418665,8.071631125216342,7.418664932250977,7.780008903559658,1.2548401457354286
Sincere McCormick,LV,RB,4000,PIT,Active,2024.0,6,,7.879332171782401,7.748002770135417,7.3305044,7.879332171782401,7.330504417419434,7.748002770135417,1.9370006925338543
Dylan Laube,LV,RB,4000,PIT,Active,2024.0,6,,7.879332171782401,7.748002770135417,7.3305044,7.879332171782401,7.330504417419434,7.748002770135417,1.9370006925338543
Blake Watson,DEN,RB,4000,LAC,Active,2024.0,6,,8.021325378235378,7.731641783858206,7.3966517,8.021325378235378,7.396651744842529,7.731641783858206,1.9329104459645514
Jalen Tolbert,DAL,WR,5000,DET,Active,2024.0,6,,7.884415613325058,7.532952727886378,7.689905,7.884415613325058,7.532952727886378,7.689905166625977,1.5379810333251953
Noah Brown,WAS,WR,3900,BAL,Active,2024.0,6,,9.384833634401103,7.603252938130653,7.424506,9.384833634401103,7.424506187438965,7.603252938130653,1.9495520354181162
JaMycal Hasty,NE,RB,4000,HOU,Active,2024.0,6,,9.064079267591417,7.463062564437336,7.2164254,9.064079267591417,7.21642541885376,7.463062564437336,1.865765641109334
Terrell Jennings,NE,RB,4000,HOU,Active,2024.0,6,,9.064079267591417,7.463062564437336,7.2164254,9.064079267591417,7.21642541885376,7.463062564437336,1.865765641109334
Isaiah Likely,BAL,TE,4500,WAS,Active,2024.0,6,,7.2176029515846825,7.45377979585362,7.7936325,7.793632507324219,7.2176029515846825,7.45377979585362,1.6563955101896934
Trey Sermon,IND,RB,6000,TEN,Active,2024.0,6,,6.028708784222682,7.390271650160631,7.536755,7.536755084991455,6.028708784222682,7.390271650160631,1.2317119416934386
NE,NE,D,2400,HOU,Active,2024.0,6,6.985614485705511,,7.387446756487842,7.3868356,7.387446756487842,6.985614485705511,7.38683557510376,3.0778481562932334
BAL,BAL,D,3000,WAS,Active,2024.0,6,7.505471332418306,,7.30482978662597,7.315405,7.505471332418306,7.30482978662597,7.315404891967773,2.4384682973225913
NO,NO,D,2700,TB,Active,2024.0,6,6.972337743571186,,7.323492992515615,7.3072214,7.323492992515615,6.972337743571186,7.307221412658691,2.7063783009847002
Jeremy McNichols,WAS,RB,4500,BAL,Active,2024.0,6,,7.999559164880901,7.072464751658115,6.851447,7.999559164880901,6.851447105407715,7.072464751658115,1.5716588337018034
Tyler Boyd,TEN,WR,4100,IND,Active,2024.0,6,,7.057545487611256,7.099907435118359,6.8774524,7.099907435118359,6.877452373504639,7.057545487611256,1.721352557953965
Cam Akers,HOU,RB,5500,NE,Active,2024.0,6,,7.050377069403977,7.125420610675274,6.974529,7.125420610675274,6.974528789520264,7.050377069403977,1.2818867398916323
Elijah Moore,CLE,WR,3300,PHI,Active,2024.0,6,,6.667804604765149,6.849807102041996,6.622869,6.849807102041996,6.62286901473999,6.667804604765149,2.0205468499288335
Russell Wilson,PIT,QB,5300,LV,Active,2024.0,6,,3.7619504263419192,6.578806846397123,6.957983,6.957983016967773,3.7619504263419192,6.578806846397123,1.2412843106409666
DET,DET,D,2800,DAL,Active,2024.0,6,6.618762972505947,,6.519520770205975,6.5038176,6.618762972505947,6.503817558288574,6.519520770205975,2.3284002750735624
D'Onta Foreman,CLE,RB,4300,PHI,Active,2024.0,6,,6.9790996797276845,6.277661175562444,6.4627786,6.9790996797276845,6.277661175562444,6.462778568267822,1.5029717600622843
Jalen Coker,CAR,WR,3000,ATL,Active,2024.0,6,,6.373543749338857,6.557701878815171,6.374368,6.557701878815171,6.373543749338857,6.374368190765381,2.124789396921794
Chris Moore,ARI,WR,3000,GB,Active,2024.0,6,,6.448110405648475,6.1217856013702265,6.3544636,6.448110405648475,6.1217856013702265,6.354463577270508,2.118154525756836
Jamaal Williams,NO,RB,5200,TB,Active,2024.0,6,,6.252707313799845,6.152665439183464,6.217001,6.252707313799845,6.152665439183464,6.217000961303711,1.1955771079430213
Joe Flacco,IND,QB,6000,TEN,Active,2024.0,6,,4.36728577075768,6.185098057130913,6.5707664,6.570766448974609,4.36728577075768,6.185098057130913,1.0308496761884856
Malik Davis,DAL,RB,4000,DET,Active,2024.0,6,,7.008093289192314,6.135934974427252,5.886912,7.008093289192314,5.886911869049072,6.135934974427252,1.533983743606813
CLE,CLE,D,2600,PHI,Active,2024.0,6,6.170666107333526,,6.066171111004418,6.086754,6.170666107333526,6.066171111004418,6.086753845214844,2.3410591712364783
Lil'Jordan Humphrey,DEN,WR,3200,LAC,Active,2024.0,6,,6.100290737999659,5.937964378552928,6.0851088,6.100290737999659,5.937964378552928,6.085108757019043,1.901596486568451
Craig Reynolds,DET,RB,4000,DAL,Active,2024.0,6,,6.136877743806051,6.03111308472876,6.0497036,6.136877743806051,6.03111308472876,6.049703598022461,1.5124258995056152
ARI,ARI,D,2500,GB,Active,2024.0,6,5.695734689175573,,6.055735778897465,6.0219107,6.055735778897465,5.695734689175573,6.021910667419434,2.4087642669677733
CAR,CAR,D,2400,ATL,Active,2024.0,6,5.4117726499833365,,5.968294496114777,5.96242,5.968294496114777,5.4117726499833365,5.9624199867248535,2.484341661135356
Jaleel McLaughlin,DEN,RB,4400,LAC,Active,2024.0,6,,6.661501253606415,5.675344217965909,5.9137497,6.661501253606415,5.675344217965909,5.913749694824219,1.3440340215509587
Emanuel Wilson,GB,RB,4300,ARI,Active,2024.0,6,,6.23378152747277,5.87961279336245,5.6875896,6.23378152747277,5.687589645385742,5.87961279336245,1.3673518124098722
Greg Dulcich,DEN,TE,2500,LAC,Active,2024.0,6,,5.794286923876854,5.960683787108757,5.8782506,5.960683787108757,5.794286923876854,5.878250598907471,2.3513002395629883
Nelson Agholor,BAL,WR,3500,WAS,Active,2024.0,6,,6.246603283158147,5.87531725390236,5.8682017,6.246603283158147,5.868201732635498,5.87531725390236,1.6786620725435315
Princeton Fant,DAL,TE,2500,DET,Active,2024.0,6,,6.657756083400099,5.866868420152107,5.6614523,6.657756083400099,5.661452293395996,5.866868420152107,2.346747368060843
Ryan Miller,TB,WR,3000,NO,Active,2024.0,6,,6.700764743926387,5.855294010768491,5.5997453,6.700764743926387,5.599745273590088,5.855294010768491,1.9517646702561637
Tanner Taula,TB,TE,2500,NO,Active,2024.0,6,,6.700764743926387,5.855294010768491,5.5997453,6.700764743926387,5.599745273590088,5.855294010768491,2.342117604307396
Devin Culp,TB,TE,2500,NO,Active,2024.0,6,,6.700764743926387,5.855294010768491,5.5997453,6.700764743926387,5.599745273590088,5.855294010768491,2.342117604307396
Messiah Swinson,GB,TE,2500,ARI,Active,2024.0,6,,6.630646719445958,5.813447526564642,5.5296993,6.630646719445958,5.529699325561523,5.813447526564642,2.325379010625857
Allen Robinson,DET,WR,3000,DAL,Active,2024.0,6,,5.801631003485255,5.820452011992274,5.800905,5.820452011992274,5.800905227661133,5.801631003485255,1.9338770011617519
Dare Ogunbowale,HOU,RB,4800,NE,Active,2024.0,6,,5.263513360358955,5.780550627987,5.9532375,5.953237533569336,5.263513360358955,5.780550627987,1.204281380830625
Royce Freeman,CLE,RB,4000,PHI,Active,2024.0,6,,6.011162563908027,5.440286473670463,5.776324,6.011162563908027,5.440286473670463,5.7763237953186035,1.4440809488296509
Zaire Mitchell-Paden,BAL,TE,2500,WAS,Active,2024.0,6,,6.744243530315642,5.7639674107991326,5.646487,6.744243530315642,5.646487236022949,5.7639674107991326,2.305586964319653
Alexander Mattison,LV,RB,5300,PIT,Active,2024.0,6,,5.745127070204678,5.590759739132752,6.107806,6.107806205749512,5.590759739132752,5.745127070204678,1.0839862396612598
Colson Yankoff,WAS,TE,2500,BAL,Active,2024.0,6,,7.02031091961509,5.73120355726455,5.536423,7.02031091961509,5.536423206329346,5.73120355726455,2.29248142290582
Tyler Ott,WAS,TE,2500,BAL,Active,2024.0,6,,7.02031091961509,5.73120355726455,5.536423,7.02031091961509,5.536423206329346,5.73120355726455,2.29248142290582
Ben Sinnott,WAS,TE,2500,BAL,Active,2024.0,6,,7.02031091961509,5.73120355726455,5.536423,7.02031091961509,5.536423206329346,5.73120355726455,2.29248142290582
Cedrick Wilson,NO,WR,3600,TB,Active,2024.0,6,,6.304546511712475,5.721753394681418,5.722874,6.304546511712475,5.721753394681418,5.722874164581299,1.5896872679392497
Blake Whiteheart,CLE,TE,2500,PHI,Active,2024.0,6,,6.318752631458463,5.6309208198250795,5.716502,6.318752631458463,5.6309208198250795,5.7165021896362305,2.286600875854492
Jonathan Mingo,CAR,WR,3700,ATL,Active,2024.0,6,,5.710280711609905,5.708082637607121,5.842284,5.842284202575684,5.708082637607121,5.710280711609905,1.5433191112459204
Salvon Ahmed,DEN,RB,4000,LAC,Active,2024.0,6,,5.526831535030286,5.713019931695816,5.6943264,5.713019931695816,5.526831535030286,5.694326400756836,1.423581600189209
EJ Jenkins,PHI,TE,2500,CLE,Active,2024.0,6,,6.59096518468296,5.689645392550218,5.521849,6.59096518468296,5.521849155426025,5.689645392550218,2.275858157020087
Mark Andrews,BAL,TE,3900,WAS,Active,2024.0,6,,5.742043186363241,5.456559762287988,5.672946,5.742043186363241,5.456559762287988,5.672945976257324,1.454601532373673
Quez Watkins,PIT,WR,3000,LV,Active,2024.0,6,,6.30196263968418,5.659490716147323,5.6081553,6.30196263968418,5.608155250549316,5.659490716147323,1.886496905382441
Ja'Lynn Polk,NE,WR,3600,HOU,Active,2024.0,6,,5.857195629258791,5.630270422848131,5.5805483,5.857195629258791,5.580548286437988,5.630270422848131,1.563964006346703
Thomas Odukoya,TEN,TE,2500,IND,Active,2024.0,6,,6.5679588397861455,5.615723697198537,5.4074793,6.5679588397861455,5.407479286193848,5.615723697198537,2.2462894788794148
Chig Okonkwo,TEN,TE,3300,IND,Active,2024.0,6,,6.5679588397861455,5.615723697198537,5.4074793,6.5679588397861455,5.407479286193848,5.615723697198537,1.7017344536965264
David Martin-Robinson,TEN,TE,2500,IND,Active,2024.0,6,,6.5679588397861455,5.615723697198537,5.4074793,6.5679588397861455,5.407479286193848,5.615723697198537,2.2462894788794148
Kyle Philips,PHI,WR,3000,CLE,Active,2024.0,6,,5.288107932249505,5.6039193790106845,5.6395197,5.639519691467285,5.288107932249505,5.6039193790106845,1.8679731263368948
Luke McCaffrey,WAS,WR,3700,BAL,Active,2024.0,6,,6.615998116250635,5.601215966199965,5.349741,6.615998116250635,5.349740982055664,5.601215966199965,1.5138421530270176
Travis Vokolek,ARI,TE,2500,GB,Active,2024.0,6,,6.596349154885196,5.582063580267024,5.4304223,6.596349154885196,5.430422306060791,5.582063580267024,2.23282543210681
Jordan Murray,ARI,TE,2500,GB,Active,2024.0,6,,6.596349154885196,5.582063580267024,5.4304223,6.596349154885196,5.430422306060791,5.582063580267024,2.23282543210681
Bernhard Seikovits,ARI,TE,2500,GB,Active,2024.0,6,,6.596349154885196,5.582063580267024,5.4304223,6.596349154885196,5.430422306060791,5.582063580267024,2.23282543210681
Chris Rodriguez,WAS,RB,4000,BAL,Active,2024.0,6,,5.618472562658065,5.363575418859678,5.574526,5.618472562658065,5.363575418859678,5.574525833129883,1.3936314582824707
Tim Patrick,DET,WR,3300,DAL,Active,2024.0,6,,5.451612271650847,5.767595405766228,5.567197,5.767595405766228,5.451612271650847,5.567196846008301,1.6870293472752427
Rodney Williams,PIT,TE,2500,LV,Active,2024.0,6,,6.520474798464471,5.5664132311313494,5.391058,6.520474798464471,5.391057968139648,5.5664132311313494,2.22656529245254
Dallin Holker,NO,TE,2500,TB,Active,2024.0,6,,6.500161505440621,5.559776642803543,5.355345,6.500161505440621,5.355344772338867,5.559776642803543,2.2239106571214173
Treyton Welch,NO,TE,2500,TB,Active,2024.0,6,,6.500161505440621,5.559776642803543,5.355345,6.500161505440621,5.355344772338867,5.559776642803543,2.2239106571214173
Michael Jacobson,NO,TE,2500,TB,Active,2024.0,6,,6.500161505440621,5.559776642803543,5.355345,6.500161505440621,5.355344772338867,5.559776642803543,2.2239106571214173
Olamide Zaccheaus,WAS,WR,3500,BAL,Active,2024.0,6,,5.545603939616957,5.539915505431982,5.3878036,5.545603939616957,5.387803554534912,5.539915505431982,1.582833001551995
Adonai Mitchell,IND,WR,3900,TEN,Active,2024.0,6,,5.131935569689137,5.5345617134710094,5.496486,5.5345617134710094,5.131935569689137,5.496486186981201,1.4093554325592823
Donald Parham,DEN,TE,2500,LAC,Active,2024.0,6,,6.2787004637985495,5.445309187884406,5.467526,6.2787004637985495,5.445309187884406,5.467525959014893,2.187010383605957
Brandon Johnson,PIT,WR,3000,LV,Active,2024.0,6,,5.137904522301054,5.448916913027836,5.4866333,5.48663330078125,5.137904522301054,5.448916913027836,1.8163056376759452
Thomas Yassmin,DEN,TE,2500,LAC,Active,2024.0,6,,6.389628558352462,5.445309187884406,5.2600427,6.389628558352462,5.260042667388916,5.445309187884406,2.1781236751537625
Mitchell Fraboni,DEN,TE,2500,LAC,Active,2024.0,6,,6.389628558352462,5.445309187884406,5.2600427,6.389628558352462,5.260042667388916,5.445309187884406,2.1781236751537625
John Samuel Shenker,LV,TE,2500,PIT,Active,2024.0,6,,6.4450390999294696,5.4436785597972115,5.208694,6.4450390999294696,5.208693981170654,5.4436785597972115,2.1774714239188846
Cedric Tillman,CLE,WR,3000,PHI,Active,2024.0,6,,5.520703887883853,5.396592464338138,5.3410673,5.520703887883853,5.341067314147949,5.396592464338138,1.7988641547793793
Cameron Latu,CLE,TE,2500,PHI,Active,2024.0,6,,6.354118918377179,5.380621784272226,5.2347107,6.354118918377179,5.234710693359375,5.380621784272226,2.1522487137088904
Van Jefferson,PIT,WR,3100,LV,Active,2024.0,6,,5.549218473799413,5.3683084432999815,5.342846,5.549218473799413,5.342845916748047,5.3683084432999815,1.7317124010645102
Sterling Shepard,TB,WR,3300,NO,Active,2024.0,6,,4.471802400135884,5.526843520172433,5.3596506,5.526843520172433,4.471802400135884,5.359650611877441,1.62413654905377
Jordan Akins,CLE,TE,3000,PHI,Active,2024.0,6,,5.791256963734736,5.354052239969625,5.228178,5.791256963734736,5.228178024291992,5.354052239969625,1.7846840799898749
Parris Campbell,PHI,WR,3400,CLE,Active,2024.0,6,,5.305886331729801,5.117873739729187,5.3400874,5.340087413787842,5.117873739729187,5.305886331729801,1.5605548034499417
Drew Ogletree,IND,TE,2500,TEN,Active,2024.0,6,,6.363171362190376,5.2970256858052895,5.0370193,6.363171362190376,5.0370192527771,5.2970256858052895,2.118810274322116
Kenneth Gainwell,PHI,RB,4700,CLE,Active,2024.0,6,,4.963025985838184,5.288207997593367,5.276999,5.288207997593367,4.963025985838184,5.276998996734619,1.1227657439860892
DAL,DAL,D,2900,DET,Active,2024.0,6,4.773236363173503,,5.229343494560573,5.2508554,5.250855445861816,4.773236363173503,5.229343494560573,1.8032218946760596
Tom Kennedy,DET,WR,3000,DAL,Active,2024.0,6,,4.950714960010441,5.225834205290162,5.2340937,5.23409366607666,4.950714960010441,5.225834205290162,1.7419447350967205
Malik Heath,GB,WR,3300,ARI,Active,2024.0,6,,5.0048864108522,5.322898189975569,5.1491427,5.322898189975569,5.0048864108522,5.149142742156982,1.560346285502116
Nick Westbrook-Ikhine,TEN,WR,3000,IND,Active,2024.0,6,,4.997991614513821,5.134902161234198,5.1359196,5.135919570922852,4.997991614513821,5.134902161234198,1.7116340537447328
Trey Benson,ARI,RB,4600,GB,Active,2024.0,6,,5.131396100357693,5.049366699071489,5.147887,5.147887229919434,5.049366699071489,5.131396100357693,1.1155208913821073
Jack Westover,NE,TE,2500,HOU,Active,2024.0,6,,6.204836255497847,5.124224965894071,4.9269085,6.204836255497847,4.926908493041992,5.124224965894071,2.0496899863576283
Jaheim Bell,NE,TE,2500,HOU,Active,2024.0,6,,6.204836255497847,5.124224965894071,4.9269085,6.204836255497847,4.926908493041992,5.124224965894071,2.0496899863576283
Austin Hooper,NE,TE,2800,HOU,Active,2024.0,6,,5.810557205162637,5.123121563242062,4.986376,5.810557205162637,4.98637580871582,5.123121563242062,1.8296862725864507
Michael Carter,ARI,RB,4000,GB,Active,2024.0,6,,5.242405754364697,4.968930751119442,5.078275,5.242405754364697,4.968930751119442,5.078275203704834,1.2695688009262085
Emari Demercado,ARI,RB,4000,GB,Active,2024.0,6,,4.9944249081439684,5.116939189496527,5.0507674,5.116939189496527,4.9944249081439684,5.050767421722412,1.262691855430603
Dameon Pierce,HOU,RB,4900,NE,Active,2024.0,6,,4.85469359729939,5.110152936018262,5.045859,5.110152936018262,4.85469359729939,5.045858860015869,1.0297671142889528
Tyrion Davis-Price,PHI,RB,4000,CLE,Active,2024.0,6,,4.190754255785087,5.021125129085207,5.2101607,5.210160732269287,4.190754255785087,5.021125129085207,1.2552812822713018
Miles Sanders,CAR,RB,4800,ATL,Active,2024.0,6,,5.006465997455381,5.06548678945479,5.0084386,5.06548678945479,5.006465997455381,5.008438587188721,1.0434247056643167
Brock Wright,DET,TE,2700,DAL,Active,2024.0,6,,5.0547016468161825,4.8053293107970045,4.9704394,5.0547016468161825,4.8053293107970045,4.970439434051514,1.8409034940931532
Laquon Treadwell,IND,WR,3000,TEN,Active,2024.0,6,,5.079767677488783,4.958842726201896,4.90476,5.079767677488783,4.904759883880615,4.958842726201896,1.652947575400632
Kalif Raymond,DET,WR,3200,DAL,Active,2024.0,6,,4.456789552954154,5.072371100857619,4.9469995,5.072371100857619,4.456789552954154,4.946999549865723,1.5459373593330383
WAS,WAS,D,2500,BAL,Active,2024.0,6,4.574390452297216,,4.986139633608006,4.9198885,4.986139633608006,4.574390452297216,4.919888496398926,1.9679553985595704
Jalen McMillan,TB,WR,3600,NO,Q,2024.0,6,,4.632799030149035,4.9622942719248515,4.912826,4.9622942719248515,4.632799030149035,4.912826061248779,1.3646739059024386
Jalen Reagor,LAC,WR,3000,DEN,Active,2024.0,6,,4.933976688884527,4.894023848897879,4.830857,4.933976688884527,4.830856800079346,4.894023848897879,1.6313412829659597
Charlie Kolar,BAL,TE,2800,WAS,Active,2024.0,6,,4.497465308884848,4.933075907007806,4.864644,4.933075907007806,4.497465308884848,4.8646440505981445,1.737372875213623
Will Mallory,IND,TE,2500,TEN,Active,2024.0,6,,4.830645571036082,4.95189156257387,4.8196507,4.95189156257387,4.819650650024414,4.830645571036082,1.9322582284144327
Jalen Guyton,LV,WR,3000,PIT,Active,2024.0,6,,4.719018259326029,4.888656117260487,4.819897,4.888656117260487,4.719018259326029,4.819897174835205,1.606632391611735
Irv Smith,HOU,TE,2500,NE,Active,2024.0,6,,4.907143617484513,4.702888040069429,4.8144054,4.907143617484513,4.702888040069429,4.81440544128418,1.9257621765136719
Treylon Burks,TEN,WR,3200,IND,Active,2024.0,6,,4.558721129066582,4.874400413035749,4.798072,4.874400413035749,4.558721129066582,4.79807186126709,1.4993974566459656
Calvin Austin,PIT,WR,3300,LV,Active,2024.0,6,,4.604981806689547,4.82415698449618,4.77345,4.82415698449618,4.604981806689547,4.773449897766113,1.4464999690200344
Easton Stick,LAC,QB,4400,DEN,Active,2024.0,6,,2.621067449009836,4.7674657373483775,5.4789586,5.478958606719971,2.621067449009836,4.7674657373483775,1.0835149403064495
John Metchie,HOU,WR,3000,NE,Active,2024.0,6,,4.188492344989896,4.844674389310193,4.748584,4.844674389310193,4.188492344989896,4.748583793640137,1.5828612645467124
Dalvin Cook,DAL,RB,4000,DET,Active,2024.0,6,,4.861871203866569,4.728807103372031,4.6762133,4.861871203866569,4.676213264465332,4.728807103372031,1.1822017758430077
Ameer Abdullah,LV,RB,4500,PIT,Active,2024.0,6,,4.693582174280216,4.710575177943233,4.560238,4.710575177943233,4.560237884521484,4.693582174280216,1.0430182609511591
Gary Brightwell,CLE,RB,4000,PHI,Active,2024.0,6,,5.0479581843199774,4.6889854867222045,4.562487,5.0479581843199774,4.5624871253967285,4.6889854867222045,1.1722463716805511
Kevin Harris,NE,RB,4000,HOU,Active,2024.0,6,,5.451646933926713,4.660793522780609,4.646341,5.451646933926713,4.646340847015381,4.660793522780609,1.1651983806951522
Harrison Bryant,LV,TE,2500,PIT,Active,2024.0,6,,4.740507147356846,4.642583781966142,4.6605024,4.740507147356846,4.642583781966142,4.6605024337768555,1.864200973510742
Simi Fehoko,LAC,WR,3000,DEN,Active,2024.0,6,,4.499730732225279,4.690912431141591,4.657418,4.690912431141591,4.499730732225279,4.6574177742004395,1.5524725914001465
Hayden Hurst,LAC,TE,2600,DEN,Active,2024.0,6,,4.643104339613077,4.760390827193993,4.6219068,4.760390827193993,4.621906757354736,4.643104339613077,1.785809361389645
Tyler Goodson,IND,RB,5400,TEN,Active,2024.0,6,,4.332612415398643,4.836372312222318,4.6421146,4.836372312222318,4.332612415398643,4.642114639282227,0.8596508591263382
Foster Moreau,NO,TE,2900,TB,Active,2024.0,6,,4.630686984255001,4.502694185578433,4.6534777,4.653477668762207,4.502694185578433,4.630686984255001,1.596788615260345
Josh Whyle,TEN,TE,2500,IND,Active,2024.0,6,,4.36686404968852,4.639052186106344,4.6169124,4.639052186106344,4.36686404968852,4.616912364959717,1.8467649459838869
Pierre Strong,CLE,RB,4000,PHI,Active,2024.0,6,,5.0813010460077646,4.61623252077292,4.4563384,5.0813010460077646,4.456338405609131,4.61623252077292,1.15405813019323
Kylen Granson,IND,TE,2500,TEN,Active,2024.0,6,,4.58332158899767,4.622493047957795,4.4597883,4.622493047957795,4.4597883224487305,4.58332158899767,1.833328635599068
Will Dissly,LAC,TE,2700,DEN,Active,2024.0,6,,4.67340944893343,4.3960819274016725,4.575365,4.67340944893343,4.3960819274016725,4.57536506652832,1.6945796542697482
Steven Sims,HOU,WR,3000,NE,Active,2024.0,6,,4.2461167343217,4.623490139607643,4.555996,4.623490139607643,4.2461167343217,4.555995941162109,1.5186653137207031
Jonathan Ward,PIT,RB,4000,LV,Active,2024.0,6,,4.6813135515427335,4.522088950660743,4.09909,4.6813135515427335,4.099090099334717,4.522088950660743,1.1305222376651858
Michael Bandy,DEN,WR,3000,LAC,Active,2024.0,6,,4.516889366751662,4.608077196258277,4.4667125,4.608077196258277,4.466712474822998,4.516889366751662,1.5056297889172208
Jahan Dotson,PHI,WR,4800,CLE,Active,2024.0,6,,4.0556833347639305,4.570913630702577,4.473934,4.570913630702577,4.0556833347639305,4.473934173583984,0.9320696194966633
Grant Calcaterra,PHI,TE,2700,CLE,Active,2024.0,6,,4.398073056943288,4.466543284139264,4.456618,4.466543284139264,4.398073056943288,4.456617832183838,1.6505991971051253
Luke Schoonmaker,DAL,TE,2800,DET,Active,2024.0,6,,4.9394033003532405,4.444503278788774,4.433563,4.9394033003532405,4.433563232421875,4.444503278788774,1.5873225995674194
Troy Franklin,DEN,WR,3000,LAC,Active,2024.0,6,,4.192602791212259,4.611136798894967,4.4373803,4.611136798894967,4.192602791212259,4.437380313873291,1.4791267712910972
Hassan Haskins,LAC,RB,4000,DEN,Active,2024.0,6,,4.351528086564942,4.788616567754962,4.4083343,4.788616567754962,4.351528086564942,4.408334255218506,1.1020835638046265
Jalen Brooks,DAL,WR,3300,DET,Active,2024.0,6,,4.244740536406635,4.566572723998735,4.401106,4.566572723998735,4.244740536406635,4.401105880737305,1.3336684487082742
Tyquan Thornton,NE,WR,3000,HOU,Active,2024.0,6,,4.405035454463582,4.364366187381658,4.236795,4.405035454463582,4.236794948577881,4.364366187381658,1.4547887291272195
Cole Turner,WAS,TE,2500,BAL,Active,2024.0,6,,4.47731647085965,4.350383822342723,4.253665,4.47731647085965,4.253664970397949,4.350383822342723,1.740153528937089
Mason Tipton,NO,WR,3100,TB,Active,2024.0,6,,4.057712774631713,4.484201794728464,4.3227277,4.484201794728464,4.057712774631713,4.322727680206299,1.3944282839375157
Jarrett Stidham,DEN,QB,4200,LAC,Active,2024.0,6,,3.2340729263552674,4.314740591637898,4.828557,4.828557014465332,3.2340729263552674,4.314740591637898,1.0273191884852138
Stephen Sullivan,CAR,TE,2500,ATL,Active,2024.0,6,,4.242268328966337,4.292508940422731,4.2775316,4.292508940422731,4.242268328966337,4.277531623840332,1.7110126495361329
John Ross,PHI,WR,3000,CLE,Active,2024.0,6,,3.9572783750830163,4.394585451309185,4.2580113,4.394585451309185,3.9572783750830163,4.258011341094971,1.4193371136983237
Hendon Hooker,DET,QB,4000,DAL,Active,2024.0,6,,2.502858371441981,5.255062849779179,4.246047,5.255062849779179,2.502858371441981,4.246047019958496,1.061511754989624
Jake Fromm,DET,QB,4000,DAL,Active,2024.0,6,,2.502858371441981,5.255062849779179,4.246047,5.255062849779179,2.502858371441981,4.246047019958496,1.061511754989624
Elijah Higgins,ARI,TE,3200,GB,Active,2024.0,6,,4.320990829795351,4.150553651605603,4.1921086,4.320990829795351,4.150553651605603,4.192108631134033,1.3100339472293854
Mo Alie-Cox,IND,TE,2600,TEN,Active,2024.0,6,,4.414030687861985,4.176354295758609,4.14282,4.414030687861985,4.142819881439209,4.176354295758609,1.606290113753311
Marvin Mims,DEN,WR,3100,LAC,Active,2024.0,6,,4.463869613915267,4.175736622462118,4.1106057,4.463869613915267,4.110605716705322,4.175736622462118,1.3470118136974574
Connor Heyward,PIT,TE,2600,LV,Active,2024.0,6,,4.086885555211568,4.109078538121447,4.2203927,4.22039270401001,4.086885555211568,4.109078538121447,1.5804148223544028
Kadarius Toney,CLE,WR,3000,PHI,Q,2024.0,6,,4.086863641317787,4.020333181814149,4.102877,4.102877140045166,4.020333181814149,4.086863641317787,1.3622878804392622
Ashton Dulin,IND,WR,3000,TEN,Active,2024.0,6,,3.857779653071704,4.3682405308871,4.0812535,4.3682405308871,3.857779653071704,4.081253528594971,1.3604178428649902
Ross Dwelley,ATL,TE,2500,CAR,Active,2024.0,6,,3.791957673935177,4.082351560591898,4.077937,4.082351560591898,3.791957673935177,4.077937126159668,1.6311748504638672
Devin Leary,BAL,QB,4000,WAS,Active,2024.0,6,,2.369882974764672,5.036386231273821,4.073797,5.036386231273821,2.369882974764672,4.073797225952148,1.018449306488037
Julius Chestnut,TEN,RB,4000,IND,Active,2024.0,6,,4.070435705362606,4.044738777864038,4.1730633,4.173063278198242,4.044738777864038,4.070435705362606,1.0176089263406516
Lucas Krull,DEN,TE,2500,LAC,Active,2024.0,6,,4.256743813286665,4.066426218163627,3.9174266,4.256743813286665,3.917426586151123,4.066426218163627,1.6265704872654505
Deuce Vaughn,DAL,RB,4000,DET,Active,2024.0,6,,4.11412726262501,3.957654553718443,4.0363774,4.11412726262501,3.957654553718443,4.036377429962158,1.0090943574905396
Sione Vaki,DET,RB,4000,DAL,Active,2024.0,6,,3.7914852968473687,4.035726136990723,4.0597157,4.059715747833252,3.7914852968473687,4.035726136990723,1.0089315342476808
Tylan Wallace,BAL,WR,3000,WAS,Active,2024.0,6,,3.779066371221376,4.20698851392052,4.019787,4.20698851392052,3.779066371221376,4.019786834716797,1.3399289449055989
Donovan Peoples-Jones,DET,WR,3000,DAL,Active,2024.0,6,,3.7091576758851366,4.15490042963313,4.017981,4.15490042963313,3.7091576758851366,4.017981052398682,1.3393270174662273
Sean Tucker,TB,RB,4000,NO,Active,2024.0,6,,3.8258372926822997,3.9893486445962654,3.9948163,3.994816303253174,3.8258372926822997,3.9893486445962654,0.9973371611490663
Sam Hartman,WAS,QB,4000,BAL,Active,2024.0,6,,2.493438116624884,4.699035397988338,3.9867299,4.699035397988338,2.493438116624884,3.986729860305786,0.9966824650764465
Michael Penix,ATL,QB,5200,CAR,Active,2024.0,6,,2.3774230962010794,4.874955798360232,3.9856975,4.874955798360232,2.3774230962010794,3.9856975078582764,0.7664802899727454
Xavier Hutchinson,HOU,WR,3300,NE,Active,2024.0,6,,3.7075134310402,4.093413402893547,3.9660687,4.093413402893547,3.7075134310402,3.966068744659424,1.2018390135331587
Danny Gray,PHI,WR,3000,CLE,Active,2024.0,6,,3.7733607369679643,4.0611711864472255,3.9606028,4.0611711864472255,3.7733607369679643,3.9606027603149414,1.3202009201049805
David Moore,CAR,WR,3000,ATL,Active,2024.0,6,,3.834223526046307,4.202152960025706,3.9604194,4.202152960025706,3.834223526046307,3.9604194164276123,1.3201398054758708
James Proche,CLE,WR,3000,PHI,Active,2024.0,6,,3.9298800368903435,4.117603655761235,3.8841085,4.117603655761235,3.884108543395996,3.9298800368903435,1.3099600122967812
Keith Kirkwood,BAL,WR,3000,WAS,Active,2024.0,6,,3.567339163060745,4.140786175510791,3.9266145,4.140786175510791,3.567339163060745,3.92661452293396,1.3088715076446533
Dyami Brown,WAS,WR,4000,BAL,Active,2024.0,6,,3.7565063177256537,4.275852081455042,3.9192321,4.275852081455042,3.7565063177256537,3.919232130050659,0.9798080325126648
Stone Smartt,LAC,TE,2500,DEN,Active,2024.0,6,,3.918887188781309,3.9095725481342414,3.747177,3.918887188781309,3.7471768856048584,3.9095725481342414,1.5638290192536966
Brevyn Spann-Ford,DAL,TE,2500,DET,Active,2024.0,6,,3.903967000361734,3.9742621652186125,3.7933693,3.9742621652186125,3.7933692932128906,3.903967000361734,1.5615868001446935
Andre Baccellia,ARI,WR,3000,GB,Active,2024.0,6,,3.680390741741416,4.034770655129748,3.8655226,4.034770655129748,3.680390741741416,3.865522623062134,1.2885075410207112
KhaDarel Hodge,ATL,WR,3100,CAR,Active,2024.0,6,,3.769021272025341,3.8254511379842295,3.8729088,3.8729088306427,3.769021272025341,3.8254511379842295,1.234016496123945
Ja'Tavion Sanders,CAR,TE,2600,ATL,Active,2024.0,6,,3.4814691394680897,3.7988074156575653,3.8135726,3.813572645187378,3.4814691394680897,3.7988074156575653,1.4610797752529097
Jack Plummer,CAR,QB,4000,ATL,Active,2024.0,6,,2.4604227470514832,4.156363066879975,3.769908,4.156363066879975,2.4604227470514832,3.7699079513549805,0.9424769878387451
Johnny Wilson,PHI,WR,3300,CLE,Active,2024.0,6,,3.5945923820091044,3.919867722170627,3.7668428,3.919867722170627,3.5945923820091044,3.766842842102051,1.1414675279097124
Michael Pratt,TB,QB,4000,NO,Active,2024.0,6,,2.487519394205401,4.462677083898876,3.7451074,4.462677083898876,2.487519394205401,3.745107412338257,0.9362768530845642
Deonte Harty,BAL,WR,3000,WAS,Q,2024.0,6,,3.7338336616296184,3.7067288061521664,3.7423363,3.7423362731933594,3.7067288061521664,3.7338336616296184,1.244611220543206
Marcus Mariota,WAS,QB,4500,BAL,Active,2024.0,6,,2.2733964498924166,3.722322977989745,4.071413,4.071413040161133,2.2733964498924166,3.722322977989745,0.827182883997721
Tanner McKee,PHI,QB,4000,CLE,Active,2024.0,6,,2.260312258174605,4.698685639353468,3.7035282,4.698685639353468,2.260312258174605,3.7035281658172607,0.9258820414543152
Will Grier,PHI,QB,4000,CLE,Active,2024.0,6,,2.260312258174605,4.698685639353468,3.7035282,4.698685639353468,2.260312258174605,3.7035281658172607,0.9258820414543152
Kayshon Boutte,NE,WR,3100,HOU,Active,2024.0,6,,3.9686976839416586,3.700081245833686,3.6158376,3.9686976839416586,3.615837574005127,3.700081245833686,1.1935745954302213
Avery Williams,ATL,RB,4000,CAR,Active,2024.0,6,,3.440437150574149,3.940348690603344,3.6797774,3.940348690603344,3.440437150574149,3.6797773838043213,0.9199443459510803
Zach Pascal,ARI,WR,3000,GB,Active,2024.0,6,,3.5259805528409576,3.905233234810425,3.677451,3.905233234810425,3.5259805528409576,3.6774508953094482,1.2258169651031494
Colton Dowell,TEN,WR,3000,IND,Active,2024.0,6,,3.4825872269509848,3.822799507221936,3.6586223,3.822799507221936,3.4825872269509848,3.6586222648620605,1.2195407549540203
Shane Zylstra,DET,TE,2500,DAL,Active,2024.0,6,,3.340205842591456,3.6577111301464797,3.794939,3.7949390411376953,3.340205842591456,3.6577111301464797,1.463084452058592
Aaron Shampklin,PIT,RB,4100,LV,Active,2024.0,6,,3.652194959751569,3.7195429886102436,3.54606,3.7195429886102436,3.546060085296631,3.652194959751569,0.8907792584759924
James Mitchell,DET,TE,2500,DAL,Active,2024.0,6,,3.5356905495572204,3.6161937560222484,3.704232,3.7042319774627686,3.5356905495572204,3.6161937560222484,1.4464775024088992
Jordan Matthews,CAR,TE,2500,ATL,Active,2024.0,6,,3.4276533480309213,3.798035089454823,3.5554054,3.798035089454823,3.4276533480309213,3.555405378341675,1.42216215133667
Cade Stover,HOU,TE,2600,NE,Active,2024.0,6,,3.515646811255818,3.55418733141563,3.7518399,3.7518398761749268,3.515646811255818,3.55418733141563,1.36699512746755
Charlie Woerner,ATL,TE,2500,CAR,Active,2024.0,6,,3.275210598338881,3.535069358967768,3.5298922,3.535069358967768,3.275210598338881,3.5298922061920166,1.4119568824768067
Feleipe Franks,CAR,TE,2500,ATL,Active,2024.0,6,,3.52511590377593,3.577554260450006,3.3995297,3.577554260450006,3.3995296955108643,3.52511590377593,1.410046361510372
Trey Lance,DAL,QB,4000,DET,Active,2024.0,6,,3.0887849309479534,3.8059904964135924,3.4772894,3.8059904964135924,3.0887849309479534,3.4772894382476807,0.8693223595619202
Payne Durham,TB,TE,2500,NO,Active,2024.0,6,,3.488008475866511,3.3922989403286543,3.4532652,3.488008475866511,3.3922989403286543,3.4532651901245117,1.3813060760498046
Tyreik McAllister,LV,WR,3000,PIT,Active,2024.0,6,,3.4419324542905128,3.482725827054761,3.4484587,3.482725827054761,3.4419324542905128,3.448458671569824,1.1494862238566081
Hunter Luepke,DAL,RB,4000,DET,Active,2024.0,6,,3.5496053539937753,3.326413126122275,3.4226785,3.5496053539937753,3.326413126122275,3.4226784706115723,0.8556696176528931
Raheem Blackshear,CAR,RB,4000,ATL,Active,2024.0,6,,3.4140097085005654,3.63430206897105,3.3674767,3.63430206897105,3.36747670173645,3.4140097085005654,0.8535024271251413
John FitzPatrick,ATL,TE,2500,CAR,Active,2024.0,6,,3.4030793135271518,3.3779980395393454,3.5698378,3.569837808609009,3.3779980395393454,3.4030793135271518,1.3612317254108608
Parker Hesse,DET,TE,2500,DAL,Active,2024.0,6,,3.3134702553228568,3.3889559901030584,3.5454621,3.545462131500244,3.3134702553228568,3.3889559901030584,1.3555823960412234
Carter Bradley,LV,QB,4000,PIT,Active,2024.0,6,,2.5429956535442617,3.52946392938446,3.3802643,3.52946392938446,2.5429956535442617,3.3802642822265625,0.8450660705566406
Jordan Mims,NO,RB,4000,TB,Active,2024.0,6,,3.3655272187842415,3.447002095477728,3.319999,3.447002095477728,3.3199989795684814,3.3655272187842415,0.8413818046960604
Geoff Swaim,CLE,TE,2500,PHI,Active,2024.0,6,,3.4729934453182563,3.2464632283295938,3.3529994,3.4729934453182563,3.2464632283295938,3.352999448776245,1.341199779510498
Deven Thompkins,CAR,WR,3000,ATL,Active,2024.0,6,,3.054313318485784,3.371043685447537,3.346837,3.371043685447537,3.054313318485784,3.346837043762207,1.1156123479207356
Ko Kieft,TB,TE,2500,NO,Active,2024.0,6,,3.2719795376365544,3.342327090435746,3.3344696,3.342327090435746,3.2719795376365544,3.3344695568084717,1.3337878227233886
Brycen Tremayne,WAS,WR,3000,BAL,Active,2024.0,6,,3.117679289427372,3.51538946296708,3.316962,3.51538946296708,3.117679289427372,3.3169620037078857,1.105654001235962
Adam Trautman,DEN,TE,2600,LAC,Active,2024.0,6,,3.509506873016533,3.238174368604247,3.3114705,3.509506873016533,3.238174368604247,3.3114705085754395,1.273642503298246
Malik Willis,GB,QB,5000,ARI,Active,2024.0,6,,2.2005102547829316,3.4436665594843983,3.302831,3.4436665594843983,2.2005102547829316,3.302830934524536,0.6605661869049072
John Bates,WAS,TE,2600,BAL,Active,2024.0,6,,3.1170750608327324,3.3125242661933556,3.3022645,3.3125242661933556,3.1170750608327324,3.302264451980591,1.2701017123002274
Nick Vannett,TEN,TE,2500,IND,Active,2024.0,6,,3.0301850200286053,3.2977220886687593,3.3489983,3.3489983081817627,3.0301850200286053,3.2977220886687593,1.3190888354675037
Jaelon Darden,CLE,WR,3000,PHI,Active,2024.0,6,,2.974642154521699,3.2925593514780793,3.432076,3.4320759773254395,2.974642154521699,3.2925593514780793,1.0975197838260264
Jack Stoll,PHI,TE,2500,CLE,Active,2024.0,6,,3.005116294310699,3.2472435370742536,3.2936766,3.2936766147613525,3.005116294310699,3.2472435370742536,1.2988974148297014
Bub Means,NO,WR,3000,TB,Active,2024.0,6,,3.142455486925188,3.250096383090731,3.246855,3.250096383090731,3.142455486925188,3.2468550205230713,1.0822850068410237
Mason Kinsey,TEN,WR,3000,IND,Active,2024.0,6,,2.9637273663774764,3.2407637602898194,3.303136,3.303136110305786,2.9637273663774764,3.2407637602898194,1.0802545867632731
Joe Milton,NE,QB,4000,HOU,Active,2024.0,6,,2.548190975683321,3.6679687717018297,3.2354949,3.6679687717018297,2.548190975683321,3.23549485206604,0.80887371301651
Chris Myarick,HOU,RB,4000,NE,Active,2024.0,6,,2.8907300436172223,3.1929871198836506,3.2603056,3.260305643081665,2.8907300436172223,3.1929871198836506,0.7982467799709126
Darnell Washington,PIT,TE,2700,LV,Active,2024.0,6,,2.9975204163009352,3.179552662846743,3.1883848,3.188384771347046,2.9975204163009352,3.179552662846743,1.1776120973506454
Sam Ehlinger,IND,QB,4000,TEN,Active,2024.0,6,,1.9827539905549243,3.1727706260706543,3.415281,3.415281057357788,1.9827539905549243,3.1727706260706543,0.7931926565176636
Andrew Beck,GB,RB,4000,ARI,Active,2024.0,6,,2.8548233548048336,3.143811804922748,3.163775,3.1637749671936035,2.8548233548048336,3.143811804922748,0.785952951230687
Eric Tomlinson,LAC,TE,2500,DEN,Active,2024.0,6,,3.1441979976293344,3.1195963994320803,3.1360672,3.1441979976293344,3.1195963994320803,3.1360671520233154,1.2544268608093263
DeeJay Dallas,ARI,RB,4000,GB,Active,2024.0,6,,2.7732230443591592,3.127050332592279,3.1720314,3.1720314025878906,2.7732230443591592,3.127050332592279,0.7817625831480698
Ben Sims,GB,TE,2500,ARI,Active,2024.0,6,,2.872333569394767,3.138441646096047,3.1200814,3.138441646096047,2.872333569394767,3.1200814247131348,1.248032569885254
Patrick Ricard,BAL,RB,4000,WAS,Active,2024.0,6,,2.865379715353941,3.1000123562186293,3.317698,3.3176980018615723,2.865379715353941,3.1000123562186293,0.7750030890546573
Jeff Driskel,WAS,QB,4000,BAL,Active,2024.0,6,,2.389705582354644,3.061695401405507,3.160468,3.160468101501465,2.389705582354644,3.061695401405507,0.7654238503513767
Troy Hairston,HOU,RB,4000,NE,Active,2024.0,6,,2.755592477309104,3.0508340374843854,3.1768856,3.1768856048583984,2.755592477309104,3.0508340374843854,0.7627085093710964
Zach Wilson,DEN,QB,4000,LAC,Active,2024.0,6,,1.9995794911467653,3.039578326318897,3.0512695,3.05126953125,1.9995794911467653,3.039578326318897,0.7598945815797242
Tucker Fisk,LAC,TE,2500,DEN,Active,2024.0,6,,2.8657763138460113,3.0773392215465933,3.039367,3.0773392215465933,2.8657763138460113,3.0393669605255127,1.215746784210205
Kedon Slovis,HOU,QB,4000,NE,Active,2024.0,6,,2.251826642599454,3.2196954790225627,3.024807,3.2196954790225627,2.251826642599454,3.0248069763183594,0.7562017440795898
Mike Boone,CAR,RB,4000,ATL,Active,2024.0,6,,2.7153115781976673,3.0431491863075637,3.0229964,3.0431491863075637,2.7153115781976673,3.022996425628662,0.7557491064071655
Adam Prentice,NO,RB,4000,TB,Active,2024.0,6,,2.7147590622646702,3.0173483897378426,3.0290525,3.029052495956421,2.7147590622646702,3.0173483897378426,0.7543370974344606
Jacoby Brissett,NE,QB,4500,HOU,Active,2024.0,6,,2.061085240623119,3.0520118405799503,2.980696,3.0520118405799503,2.061085240623119,2.980695962905884,0.662376880645752
Derius Davis,LAC,WR,3000,DEN,Active,2024.0,6,,2.9510274321753647,2.978854194651348,3.0754824,3.0754823684692383,2.9510274321753647,2.978854194651348,0.9929513982171159
Tip Reiman,ARI,TE,2500,GB,Active,2024.0,6,,2.8263880402700186,2.9786340373991593,3.0699391,3.069939136505127,2.8263880402700186,2.9786340373991593,1.1914536149596637
Taylor Heinicke,LAC,QB,4900,DEN,Active,2024.0,6,,2.3006486782496234,3.1702312216200514,2.9782467,3.1702312216200514,2.3006486782496234,2.9782466888427734,0.6078054467026068
Cole Fotheringham,LV,TE,2500,PIT,Active,2024.0,6,,2.8243000167720584,3.01127142502633,2.9436023,3.01127142502633,2.8243000167720584,2.9436023235321045,1.1774409294128416
Nate Adkins,DEN,TE,2500,LAC,Active,2024.0,6,,2.8021956193330877,2.9248671517271596,2.9136782,2.9248671517271596,2.8021956193330877,2.9136781692504883,1.1654712677001953
Michael Burton,DEN,RB,4000,LAC,Active,2024.0,6,,2.6743052984449958,2.841754321191524,2.819267,2.841754321191524,2.6743052984449958,2.8192670345306396,0.7048167586326599
Sean McKeon,IND,TE,2500,TEN,Active,2024.0,6,,2.795988299108779,2.8466313713732987,2.8057616,2.8466313713732987,2.795988299108779,2.8057615756988525,1.122304630279541
Evan Hull,IND,RB,4000,TEN,Active,2024.0,6,,2.7277941853163603,2.7987783737525884,2.7793934,2.7987783737525884,2.7277941853163603,2.779393434524536,0.694848358631134
Mitchell Wilcox,NE,TE,2500,HOU,Active,2024.0,6,,2.787607169679654,2.764757433032984,2.767417,2.787607169679654,2.764757433032984,2.7674169540405273,1.106966781616211
Kenny Pickett,PHI,QB,4700,CLE,Active,2024.0,6,,1.4418733954761849,3.113964322507834,2.7221231,3.113964322507834,1.4418733954761849,2.722123146057129,0.5791751374589637
Mason Rudolph,TEN,QB,4800,IND,Active,2024.0,6,,1.6504141888884736,2.7156392147279536,2.7075615,2.7156392147279536,1.6504141888884736,2.707561492919922,0.5640753110249836
Desmond Ridder,ARI,QB,4600,GB,Active,2024.0,6,,2.5308154564555188,2.7044740994544503,3.0555959,3.055595874786377,2.5308154564555188,2.7044740994544503,0.5879291520553153
Gardner Minshew,LV,QB,4900,PIT,Active,2024.0,6,,2.246806311097229,2.6446557017429217,2.9149437,2.9149436950683594,2.246806311097229,2.6446557017429217,0.5397256534169228
Sean Clifford,GB,QB,4000,ARI,Active,2024.0,6,,1.3286638502564843,2.564731674069865,2.6181479,2.618147850036621,1.3286638502564843,2.564731674069865,0.6411829185174662
Jameis Winston,CLE,QB,5100,PHI,Active,2024.0,6,,2.757364129263785,2.02194356269139,2.1439335,2.757364129263785,2.02194356269139,2.1439335346221924,0.420379124435724
Kyle Allen,PIT,QB,4000,LV,Active,2024.0,6,,2.124195921863821,1.892179641005757,2.2031686,2.2031686305999756,1.892179641005757,2.124195921863821,0.5310489804659553
Dorian Thompson-Robinson,CLE,QB,4000,PHI,Active,2024.0,6,,2.0978450284109185,1.8668283991104413,2.433803,2.433803081512451,1.8668283991104413,2.0978450284109185,0.5244612571027296
Cooper Rush,DAL,QB,4300,DET,Active,2024.0,6,,1.2610609777429613,2.0957256777714024,2.6825864,2.682586431503296,1.2610609777429613,2.0957256777714024,0.4873780645980006
Jake Haener,NO,QB,4800,TB,Active,2024.0,6,,2.0164158650694044,2.093469543005764,2.355086,2.355086088180542,2.0164158650694044,2.093469543005764,0.43613948812620085
Bryce Young,CAR,QB,4700,ATL,Active,2024.0,6,,1.864445725736926,1.5030053731945074,2.493512,2.493511915206909,1.5030053731945074,1.864445725736926,0.39669057994402684
Kyle Trask,TB,QB,4000,NO,Active,2024.0,6,,1.2659837423682638,1.8393170868044888,2.3130715,2.3130714893341064,1.2659837423682638,1.8393170868044888,0.4598292717011222
Davis Mills,HOU,QB,4600,NE,Active,2024.0,6,,1.8328128339966576,1.837633647621769,2.1450515,2.1450514793395996,1.8328128339966576,1.837633647621769,0.39948557556994974
Nathan Peterman,ATL,QB,4000,CAR,Active,2024.0,6,,1.3296058951242562,1.6579800897279464,2.127926,2.1279261112213135,1.3296058951242562,1.6579800897279464,0.4144950224319866
Clayton Tune,ARI,QB,4000,GB,Active,2024.0,6,,1.4527872033573248,1.2537630901920402,1.7916951,1.7916951179504395,1.2537630901920402,1.4527872033573248,0.3631968008393312
Josh Johnson,BAL,QB,4000,WAS,Active,2024.0,6,,0.6843994255207687,1.0699716342182812,2.0893412,2.089341163635254,0.6843994255207687,1.0699716342182812,0.2674929085545703
