,name,team,position,salary,opponent,status,season,week,pred_Ridge,pred_RF,pred_GB,pred_XGB,max_pred,min_pred,median_pred,value
0,Lamar Jackson,BAL,QB,9500,WAS,Active,2024,6,,23.445014413656512,22.836345271493077,24.08018,24.08017921447754,22.836345271493077,23.445014413656512,2.4678962540691067
1,Jayden Daniels,WAS,QB,8700,BAL,Active,2024,6,,21.12663763596916,20.76243849153895,21.88188,21.881879806518555,20.76243849153895,21.12663763596916,2.4283491535596733
2,Jalen Hurts,PHI,QB,8300,CLE,Active,2024,6,,20.120970596720028,19.80921669118992,19.95561,20.120970596720028,19.80921669118992,19.955610275268555,2.404290394610669
3,Jared Goff,DET,QB,7700,DAL,Active,2024,6,,19.771264469895065,19.508634268229297,19.46961,19.771264469895065,19.4696102142334,19.508634268229297,2.533588866003805
4,Joe Burrow,CIN,QB,8100,NYG,Active,2024,6,,18.64966531965281,19.11249322449766,18.917742,19.11249322449766,18.64966531965281,18.91774177551269,2.3355236759892217
5,Daniel Jones,NYG,QB,6800,CIN,Active,2024,6,,19.31572413505644,18.83924682893798,18.66015,19.31572413505644,18.6601505279541,18.83924682893798,2.770477474843821
6,Dak Prescott,DAL,QB,8000,DET,Active,2024,6,,18.68707000948286,18.799391297400845,19.031559,19.03155899047852,18.68707000948286,18.799391297400845,2.3499239121751057
7,Jordan Love,GB,QB,8500,ARI,Active,2024,6,,17.87691745180463,18.56674059780308,18.790928,18.79092788696289,17.87691745180463,18.56674059780308,2.1843224232709506
8,Kyler Murray,ARI,QB,7800,GB,Active,2024,6,,18.4633244762402,18.770514622867573,17.912123,18.770514622867573,17.91212272644043,18.4633244762402,2.367092881569256
9,Kirk Cousins,ATL,QB,7400,CAR,Active,2024,6,,18.264649519836848,18.37381945183999,18.528301,18.528301239013672,18.264649519836848,18.37381945183999,2.482948574572972
10,Justin Fields,PIT,QB,7600,LV,Active,2024,6,,15.84737323887598,17.674222160359896,17.444803,17.674222160359896,15.84737323887598,17.44480323791504,2.295368847094084
11,Anthony Richardson,IND,QB,7300,TEN,Q,2024,6,,16.923590984818762,17.012320960074202,16.913744,17.012320960074202,16.91374397277832,16.923590984818762,2.31830013490668
12,Baker Mayfield,TB,QB,7900,NO,Active,2024,6,,16.841770740658625,16.60981577018578,16.92296,16.92296028137207,16.60981577018578,16.841770740658625,2.1318697140074208
13,Bijan Robinson,ATL,RB,8500,CAR,Active,2024,6,,16.010306523084033,15.886060833410609,16.713177,16.713176727294922,15.886060833410609,16.010306523084033,1.883565473304004
14,CeeDee Lamb,DAL,WR,9300,DET,Active,2024,6,,15.684800382230216,15.860803610335314,16.143795,16.143795013427734,15.684800382230216,15.860803610335314,1.7054627537994962
15,CJ Stroud,HOU,QB,8200,NE,Active,2024,6,,15.823838855558185,15.569971303638315,15.518479,15.823838855558185,15.518479347229004,15.569971303638315,1.8987769882485752
16,Derrick Henry,BAL,RB,9100,WAS,Active,2024,6,,16.122248760016088,15.006909297869973,15.240914,16.122248760016088,15.006909297869973,15.240914344787598,1.6748257521744612
17,Bo Nix,DEN,QB,6700,LAC,Active,2024,6,,14.52468609185189,15.468826053009566,15.240867,15.468826053009566,14.52468609185189,15.240866661071776,2.274756218070414
18,Joe Mixon,HOU,RB,8300,NE,Q,2024,6,,13.498769126418347,15.494908002945344,15.074511,15.494908002945344,13.498769126418347,15.07451057434082,1.816206093294075
19,Saquon Barkley,PHI,RB,9200,CLE,Active,2024,6,,14.872426770289872,14.949604723171625,15.2771435,15.277143478393556,14.872426770289872,14.949604723171625,1.6249570351273506
20,Will Levis,TEN,QB,6600,IND,Active,2024,6,,14.889121437320176,14.66213624475447,14.590514,14.889121437320176,14.590514183044434,14.66213624475447,2.2215357946597685
21,Alvin Kamara,NO,RB,8800,TB,Active,2024,6,,14.025131143754106,14.881144037158236,14.391653,14.881144037158236,14.025131143754106,14.391653060913086,1.6354151205583052
22,Spencer Rattler,NO,QB,6000,TB,Active,2024,6,,13.11433921160386,13.937145962278093,13.803474,13.937145962278093,13.11433921160386,13.803474426269531,2.300579071044922
23,Deshaun Watson,CLE,QB,6600,PHI,Active,2024,6,,13.79667693488632,14.01568689688918,13.750883,14.01568689688918,13.750883102416992,13.79667693488632,2.090405596194897
24,Josh Jacobs,GB,RB,7600,ARI,Active,2024,6,,13.06809323250657,13.46282725341671,14.026972,14.026971817016602,13.06809323250657,13.46282725341671,1.771424638607462
25,James Conner,ARI,RB,8000,GB,Active,2024,6,,12.952208925910012,13.524380132237786,13.265831,13.524380132237786,12.952208925910012,13.265830993652344,1.658228874206543
26,Zay Flowers,BAL,WR,7200,WAS,Active,2024,6,,12.72572258968464,13.180740730680885,13.161874,13.180740730680885,12.72572258968464,13.161873817443848,1.8280380302005343
27,Andy Dalton,CAR,QB,7100,ATL,Active,2024,6,,13.16111756709461,13.171883736721522,13.152507,13.171883736721522,13.152506828308104,13.16111756709461,1.8536785305767056
28,Justin Herbert,LAC,QB,7200,DEN,Active,2024,6,,12.892797392242928,13.02528131891006,13.06843,13.068429946899414,12.892797392242928,13.02528131891006,1.8090668498486195
29,DeVonta Smith,PHI,WR,7300,CLE,Active,2024,6,,12.44526645565226,12.674567174018822,13.086728,13.0867280960083,12.44526645565226,12.674567174018822,1.7362420786327153
30,Aidan O'Connell,LV,QB,6500,PIT,Active,2024,6,,12.643469563104464,12.804068646446575,12.513334,12.804068646446575,12.513334274291992,12.643469563104464,1.945149163554533
31,Tank Dell,HOU,WR,6700,NE,Active,2024,6,,12.050757604453574,13.82409007032536,12.610302,13.82409007032536,12.050757604453574,12.610301971435549,1.8821346226023203
32,Jahmyr Gibbs,DET,RB,7800,DAL,Active,2024,6,,11.854647610998706,12.103559675970246,12.749788,12.749788284301758,11.854647610998706,12.103559675970246,1.5517384199961854
33,Chris Godwin,TB,WR,7500,NO,Active,2024,6,,11.666140069902768,12.213366440915843,12.093384,12.213366440915843,11.666140069902768,12.0933837890625,1.612451171875
34,Ja'Marr Chase,CIN,WR,9500,NYG,Active,2024,6,,11.88185092357243,11.970378754808316,11.987518,11.987518310546877,11.88185092357243,11.970378754808316,1.2600398689271912
35,Stefon Diggs,HOU,WR,8000,NE,Active,2024,6,,11.639190913003734,11.490499293569975,12.014058,12.014058113098145,11.490499293569975,11.639190913003734,1.4548988641254668
36,Chuba Hubbard,CAR,RB,7400,ATL,Active,2024,6,,11.902664543537789,11.254125202079704,11.632578,11.902664543537789,11.254125202079704,11.632577896118164,1.571969985961914
37,Drake Maye,NE,QB,6000,HOU,Active,2024,6,,11.468497235343,11.877810538714336,11.613012,11.877810538714336,11.468497235343,11.613012313842772,1.935502052307129
38,Drake London,ATL,WR,7400,CAR,Active,2024,6,,11.466526205847352,11.391642205715254,11.71338,11.713379859924316,11.391642205715254,11.466526205847352,1.5495305683577505
39,Amari Cooper,CLE,WR,6200,PHI,Active,2024,6,,11.297189779648145,11.45038236597964,11.273627,11.45038236597964,11.273627281188965,11.297189779648145,1.8221273838142165
40,David Montgomery,DET,RB,7900,DAL,Active,2024,6,,10.791295364403636,11.244195695945656,11.81078,11.810779571533203,10.791295364403636,11.244195695945656,1.423315910879197
41,Tony Pollard,TEN,RB,7000,IND,Active,2024,6,,11.350551195039914,11.020166442624769,11.162789,11.350551195039914,11.020166442624769,11.162789344787598,1.594684192112514
42,Wan'Dale Robinson,NYG,WR,6300,CIN,Active,2024,6,,10.955076390512426,11.387990173759803,11.137434,11.387990173759803,10.955076390512426,11.137434005737305,1.76784666757735
43,Mike Evans,TB,WR,8200,NO,Active,2024,6,,11.092596757618928,10.890397678608036,11.179321,11.1793212890625,10.890397678608036,11.092596757618928,1.3527557021486498
44,Darius Slayton,NYG,WR,5900,CIN,Active,2024,6,,10.626290729824689,11.061475780544438,11.744845,11.744845390319824,10.626290729824689,11.061475780544438,1.874826403482108
45,Najee Harris,PIT,RB,7200,LV,Active,2024,6,,11.749757731931975,10.796303529067274,11.002478,11.749757731931975,10.796303529067274,11.002477645874023,1.5281218952602809
46,Marvin Harrison,ARI,WR,7000,GB,Active,2024,6,,10.862060047547724,11.304103103606408,10.920932,11.304103103606408,10.862060047547724,10.920931816101074,1.5601331165858676
47,Nick Chubb,CLE,RB,6200,PHI,Active,2024,6,,10.84687073127361,10.971658796318804,10.897701,10.971658796318804,10.84687073127361,10.897701263427734,1.7576937521657636
48,Devin Singletary,NYG,RB,6100,CIN,Q,2024,6,,10.381113295968914,10.812868664144318,11.154934,11.15493392944336,10.381113295968914,10.812868664144318,1.7726014203515277
49,HOU,HOU,D,5000,NE,Active,2024,6,10.781708058664725,,10.76549912541583,10.779221,10.781708058664725,10.76549912541583,10.779220581054688,2.155844116210938
50,Jayden Reed,GB,WR,7700,ARI,Active,2024,6,,9.734097593014091,10.760123285031096,10.923405,10.923404693603516,9.734097593014091,10.760123285031096,1.397418608445597
51,Zamir White,LV,RB,5500,PIT,Q,2024,6,,11.34458792712272,10.62081010235107,10.745821,11.34458792712272,10.62081010235107,10.745820999145508,1.953785636208274
52,Terry McLaurin,WAS,WR,6800,BAL,Active,2024,6,,10.30296200314374,10.707155695918178,10.723478,10.723478317260742,10.30296200314374,10.707155695918178,1.5745817199879677
53,PHI,PHI,D,4800,CLE,Active,2024,6,10.538316382180394,,10.630449738847396,10.636938,10.636938095092772,10.538316382180394,10.630449738847396,2.2146770289265407
54,Tee Higgins,CIN,WR,7600,NYG,Active,2024,6,,10.638261477939082,10.559624956613328,10.475322,10.638261477939082,10.475321769714355,10.559624956613328,1.3894243363964902
55,Brian Robinson,WAS,RB,7700,BAL,Q,2024,6,,10.252961845718197,10.426230006251314,10.417307,10.426230006251314,10.252961845718197,10.417306900024414,1.3528970000031706
56,George Pickens,PIT,WR,6200,LV,Active,2024,6,,10.58632738055965,10.285152204293174,10.3727255,10.58632738055965,10.285152204293174,10.372725486755373,1.6730202397992535
57,Jake Ferguson,DAL,TE,6100,DET,Active,2024,6,,10.28467950650335,10.02956165431781,10.274074,10.28467950650335,10.02956165431781,10.274073600769045,1.6842743607818105
58,Rachaad White,TB,RB,6300,NO,D,2024,6,,9.30027603563392,10.645811378833404,10.272355,10.645811378833404,9.30027603563392,10.27235507965088,1.6305325523255365
60,Darnell Mooney,ATL,WR,6500,CAR,Active,2024,6,,10.4056807332468,10.24143425114575,10.193418,10.4056807332468,10.1934175491333,10.24143425114575,1.5756052694070384
61,Brock Bowers,LV,TE,6700,PIT,Active,2024,6,,10.303647834961504,9.872791666317758,10.223654,10.303647834961504,9.872791666317758,10.22365379333496,1.5259184766171583
62,Dallas Goedert,PHI,TE,7000,CLE,Active,2024,6,,10.120689785174552,10.207786626453451,10.310438,10.31043815612793,10.120689785174552,10.207786626453451,1.4582552323504931
63,Rashid Shaheed,NO,WR,6400,TB,Active,2024,6,,9.561113596841793,10.030972309670975,10.446191,10.44619083404541,9.561113596841793,10.030972309670975,1.5673394233860902
64,Zack Moss,CIN,RB,6500,NYG,Active,2024,6,,8.640864280179377,10.124086556709509,9.9821005,10.124086556709509,8.640864280179377,9.982100486755373,1.535707767193134
65,Trey McBride,ARI,TE,6500,GB,Active,2024,6,,9.944834392791476,9.760532989766808,9.827618,9.944834392791476,9.760532989766808,9.827617645263672,1.511941176194411
66,PIT,PIT,D,4900,LV,Active,2024,6,9.815382468221989,,9.754448751774673,9.778424,9.815382468221989,9.754448751774673,9.778424263000488,1.9955967883674464
67,Calvin Ridley,TEN,WR,6000,IND,Active,2024,6,,9.017700031268976,9.732538275104703,9.722329,9.732538275104703,9.017700031268976,9.722329139709473,1.6203881899515786
68,LAC,LAC,D,4400,DEN,Active,2024,6,9.963379772659152,,9.678151878585629,9.694053,9.963379772659152,9.678151878585629,9.694052696228027,2.203193794597279
69,David Njoku,CLE,TE,5400,PHI,Active,2024,6,,9.87869073584002,9.47087999461596,9.671762,9.87869073584002,9.47087999461596,9.671762466430664,1.791067123413086
70,Chris Olave,NO,WR,7100,TB,Active,2024,6,,9.122682386023651,9.629601414770224,9.673051,9.673050880432127,9.122682386023651,9.629601414770224,1.3562818894042568
71,Ladd McConkey,LAC,WR,5800,DEN,Active,2024,6,,9.260723094216251,9.685836751228631,9.607224,9.685836751228631,9.260723094216251,9.607224464416504,1.6564180111062938
73,Jakobi Meyers,LV,WR,5700,PIT,Q,2024,6,,9.024013734391074,9.513160406101612,9.541726,9.541726112365724,9.024013734391074,9.513160406101612,1.668975509842388
74,Diontae Johnson,CAR,WR,6900,ATL,Q,2024,6,,9.025991893522054,9.367617314039144,9.785983,9.785983085632324,9.025991893522054,9.367617314039144,1.3576256976868324
75,Bucky Irving,TB,RB,5700,NO,Active,2024,6,,9.33945444178115,9.50951839207519,9.356102,9.50951839207519,9.33945444178115,9.356101989746094,1.641421401709841
76,Tyler Allgeier,ATL,RB,5400,CAR,Active,2024,6,,10.505300919449992,8.942824330509374,8.811215,10.505300919449992,8.8112154006958,8.942824330509374,1.656078579723958
77,Michael Pittman,IND,WR,6600,TEN,Q,2024,6,,8.673248102735386,9.023923439687596,8.9408865,9.023923439687596,8.673248102735386,8.940886497497559,1.3546797723481148
78,TB,TB,D,3700,NO,Active,2024,6,8.562223918600239,,8.916703480346202,8.881475,8.916703480346202,8.562223918600239,8.881475448608398,2.400398769894162
79,ATL,ATL,D,3800,CAR,Active,2024,6,8.836470892682879,,8.861864803966018,8.851133,8.861864803966018,8.836470892682879,8.851133346557617,2.3292456175151623
80,Justice Hill,BAL,RB,5500,WAS,Active,2024,6,,8.839241719995984,8.813466329190714,8.777193,8.839241719995984,8.777193069458008,8.813466329190714,1.602448423489221
81,DEN,DEN,D,4700,LAC,Active,2024,6,8.650051489329238,,8.696829431539141,8.680009,8.696829431539141,8.650051489329238,8.680008888244629,1.846810401754176
82,Romeo Doubs,GB,WR,5700,ARI,Active,2024,6,,8.575597946746035,8.65459783686926,8.614477,8.65459783686926,8.575597946746035,8.614477157592773,1.5113117820338198
83,Sam LaPorta,DET,TE,6300,DAL,Active,2024,6,,8.557640516795425,8.642934302639734,8.60442,8.642934302639734,8.557640516795425,8.604419708251953,1.3657809060717383
84,TEN,TEN,D,4300,IND,Active,2024,6,8.058795874969066,,8.473903559423793,8.457232,8.473903559423793,8.058795874969066,8.457232475280762,1.9667982500652936
86,Jameson Williams,DET,WR,6300,DAL,Active,2024,6,,8.396499955594424,8.059045135065022,8.339557,8.396499955594424,8.059045135065022,8.339556694030762,1.3237391577826607
87,LV,LV,D,4000,PIT,Active,2024,6,7.921502889730253,,8.322620186747207,8.306282,8.322620186747207,7.921502889730253,8.306282043457031,2.076570510864258
88,Rico Dowdle,DAL,RB,6100,DET,Active,2024,6,,8.340830525814317,8.171050035520917,8.204519,8.340830525814317,8.171050035520917,8.204519271850586,1.345003159319768
89,Jerome Ford,CLE,RB,6200,PHI,Active,2024,6,,7.960792138555475,8.092495273067955,8.283327,8.283327102661133,7.960792138555475,8.092495273067955,1.3052411730754767
90,Tre Tucker,LV,WR,5400,PIT,Active,2024,6,,8.825680528547696,7.972877034284927,8.084072,8.825680528547696,7.972877034284927,8.08407211303711,1.4970503913031683
91,Jerry Jeudy,CLE,WR,5700,PHI,Active,2024,6,,8.258406719661403,7.817540366007957,8.069495,8.258406719661403,7.817540366007957,8.06949520111084,1.415700912475586
92,Cade Otton,TB,TE,5200,NO,Active,2024,6,,7.790623213192661,8.09888344257399,8.069109,8.09888344257399,7.790623213192661,8.069108963012695,1.5517517236562874
93,GB,GB,D,4500,ARI,Active,2024,6,7.8415671897353345,,7.995132959915052,7.9665837,7.995132959915052,7.8415671897353345,7.966583728790283,1.770351939731174
94,CIN,CIN,D,4600,NYG,Active,2024,6,7.876899081803787,,7.961668082758043,7.964336,7.964335918426514,7.876899081803787,7.961668082758043,1.7307974092952267
95,Austin Ekeler,WAS,RB,5700,BAL,Active,2024,6,,8.206526990409175,7.946533616732196,7.863311,8.206526990409175,7.863310813903809,7.946533616732196,1.394128704689859
96,IND,IND,D,4000,TEN,Active,2024,6,7.982094874809024,,7.918495290757384,7.9301443,7.982094874809024,7.918495290757384,7.930144309997559,1.9825360774993896
103,Javonte Williams,DEN,RB,5900,LAC,Active,2024,6,,7.772946257839821,7.8132984287351,7.843647,7.843647003173828,7.772946257839821,7.8132984287351,1.3242878692771356
104,Josh Downs,IND,WR,6100,TEN,Q,2024,6,,7.532040669580647,8.038173889206293,7.786071,8.038173889206293,7.532040669580647,7.786070823669434,1.2764050530605628
105,DeAndre Hopkins,TEN,WR,5800,IND,Active,2024,6,,7.696455334047272,7.702631436822455,7.7175417,7.717541694641113,7.696455334047272,7.702631436822455,1.3280399029004233
106,Courtland Sutton,DEN,WR,5600,LAC,Active,2024,6,,8.73832561858565,7.543600108617426,7.684985,8.73832561858565,7.543600108617426,7.684985160827637,1.3723187787192208
107,Michael Wilson,ARI,WR,5900,GB,Active,2024,6,,7.613394522097168,7.729937402678922,7.6694145,7.729937402678922,7.613394522097168,7.669414520263672,1.299900766146385
109,Jaylen Warren,PIT,RB,5300,LV,Q,2024,6,,8.453922279464813,7.427690584750716,7.5083437,8.453922279464813,7.427690584750716,7.508343696594238,1.4166686219989129
110,Christian Watson,GB,WR,5700,ARI,Q,2024,6,,7.626149288902785,7.482087534470936,7.42256,7.626149288902785,7.422560214996338,7.482087534470936,1.312646935872094
118,Chase Brown,CIN,RB,5400,NYG,Q,2024,6,,6.721779187811762,7.540131215150575,7.440516,7.540131215150575,6.721779187811762,7.440515995025635,1.3778733324121546
119,Ezekiel Elliott,DAL,RB,5900,DET,Active,2024,6,,8.034975207063068,7.4088151347879965,7.2263527,8.034975207063068,7.226352691650391,7.4088151347879965,1.2557313787776263
121,NE,NE,D,3200,HOU,Active,2024,6,6.985614485705511,,7.387446756487842,7.3868356,7.387446756487842,6.985614485705511,7.38683557510376,2.308386117219925
122,Antonio Gibson,NE,RB,5500,HOU,Active,2024,6,,7.375954554694203,6.625163244512461,7.5972238,7.59722375869751,6.625163244512461,7.375954554694203,1.3410826463080368
123,Pat Freiermuth,PIT,TE,5700,LV,Active,2024,6,,6.990216369848115,7.391669579391944,7.375426,7.391669579391944,6.990216369848115,7.375425815582275,1.2939343536109256
127,Dalton Schultz,HOU,TE,5300,NE,Active,2024,6,,7.337385276534558,7.44719934587282,7.052078,7.44719934587282,7.052077770233154,7.337385276534558,1.3844123163272752
128,NO,NO,D,4100,TB,Active,2024,6,6.972337743571186,,7.323492992515615,7.3072214,7.323492992515615,6.972337743571186,7.307221412658691,1.7822491250387051
131,KaVontae Turpin,DAL,WR,5100,DET,Active,2024,6,,7.250059548160002,7.241130535590732,7.263933,7.263933181762695,7.241130535590732,7.250059548160002,1.4215803035607848
142,Greg Dortch,ARI,WR,4900,GB,Active,2024,6,,6.905975693556412,7.316539710003193,7.235223,7.316539710003193,6.905975693556412,7.235222816467285,1.4765760849933234
144,Tyjae Spears,TEN,RB,5700,IND,Active,2024,6,,7.3438321712983985,7.142292987008578,7.206698,7.3438321712983985,7.142292987008578,7.206697940826416,1.26433297207481
145,Amon-Ra St Brown,DET,WR,9000,DAL,Active,2024,6,,7.123328819205454,7.186946391478543,7.2042766,7.2042765617370605,7.123328819205454,7.186946391478543,0.7985495990531714
149,Ray-Ray McCloud,ATL,WR,5600,CAR,Active,2024,6,,7.424853387677616,7.060328374187138,7.171393,7.424853387677616,7.060328374187138,7.171392917633057,1.28060587814876
178,BAL,BAL,D,4200,WAS,Active,2024,6,7.395954493264521,,7.034283177732003,7.0383034,7.395954493264521,7.034283177732003,7.038303375244141,1.6757865179152716
192,Tucker Kraft,GB,TE,6000,ARI,Active,2024,6,,6.484137249140831,7.038879230326663,6.992361,7.038879230326663,6.484137249140831,6.992361068725586,1.1653935114542644
197,Xavier Legette,CAR,WR,5900,ATL,Active,2024,6,,7.473706113527397,6.966979864865269,6.8445973,7.473706113527397,6.844597339630127,6.966979864865269,1.1808440448924185
198,Rashod Bateman,BAL,WR,5500,WAS,Active,2024,6,,6.440525455792761,7.096105005387452,6.9608827,7.096105005387452,6.440525455792761,6.960882663726807,1.2656150297685105
199,Alec Pierce,IND,WR,5800,TEN,Active,2024,6,,7.692753597950821,6.891753286302181,6.9376383,7.692753597950821,6.891753286302181,6.937638282775879,1.1961445315130823
209,AJ Brown,PHI,WR,8100,CLE,Active,2024,6,,6.705207039871308,6.9480118172351935,6.9170723,6.9480118172351935,6.705207039871308,6.917072296142578,0.8539595427336516
238,JK Dobbins,LAC,RB,6700,DEN,Active,2024,6,,7.179894060934365,6.734098834669723,6.598218,7.179894060934365,6.598217964172363,6.734098834669723,1.005089378308914
245,Joshua Palmer,LAC,WR,5100,DEN,Active,2024,6,,6.331575214814305,6.734766326894889,6.6967583,6.734766326894889,6.331575214814305,6.696758270263672,1.3130898569144454
249,Quentin Johnston,LAC,WR,5800,DEN,Active,2024,6,,6.7457640187928805,6.64192807806623,6.684119,6.7457640187928805,6.64192807806623,6.68411922454834,1.1524343490600586
261,Kendrick Bourne,NE,WR,4800,HOU,Q,2024,6,,6.773273520667171,6.597362887541737,6.665374,6.773273520667171,6.597362887541737,6.665373802185059,1.3886195421218872
265,DJ Turner,LV,WR,4500,PIT,Active,2024,6,,6.467050992074442,6.658910610417101,6.706068,6.70606803894043,6.467050992074442,6.658910610417101,1.4797579134260226
269,Dontayvion Wicks,GB,WR,6000,ARI,Active,2024,6,,5.802137373290277,6.567783512520838,6.5944495,6.594449520111084,5.802137373290277,6.567783512520838,1.0946305854201397
274,DET,DET,D,3900,DAL,Active,2024,6,6.618762972505947,,6.519520770205975,6.5038176,6.618762972505947,6.503817558288574,6.519520770205975,1.6716719923605066
279,Hunter Henry,NE,TE,5000,HOU,Active,2024,6,,7.247107110245489,6.304677682844537,6.486234,7.247107110245489,6.304677682844537,6.486234188079834,1.2972468376159667
280,Jake Browning,CIN,QB,6000,NYG,Active,2024,6,,3.5099471548288688,6.480885715159372,7.005995,7.00599479675293,3.5099471548288688,6.480885715159372,1.0801476191932289
281,Juwan Johnson,NO,TE,5100,TB,Active,2024,6,,6.413967161114695,6.412966883151557,6.463307,6.463306903839111,6.412966883151557,6.413967161114695,1.257640619826411
288,Bo Melton,GB,WR,4600,ARI,Active,2024,6,,7.0186229305725645,6.357549427177871,6.3686004,7.0186229305725645,6.357549427177871,6.368600368499756,1.3844783409782078
292,Kyle Pitts,ATL,TE,5900,CAR,Active,2024,6,,6.379124687352601,6.30345312367716,6.248632,6.379124687352601,6.248631954193115,6.30345312367716,1.0683818853690104
293,Jeremy McNichols,WAS,RB,5000,BAL,Active,2024,6,,6.805306715450615,6.22597407159292,6.2923346,6.805306715450615,6.22597407159292,6.29233455657959,1.258466911315918
294,Jalen Tolbert,DAL,WR,6100,DET,Active,2024,6,,6.173678266466437,6.278731577523519,6.3046618,6.304661750793457,6.173678266466437,6.278731577523519,1.029300258610413
295,Russell Wilson,PIT,QB,6000,LV,Active,2024,6,,3.890750135298708,6.228426141730566,6.281166,6.281166076660156,3.890750135298708,6.228426141730566,1.038071023621761
296,Cam Akers,HOU,RB,5800,NE,Active,2024,6,,6.065000797036223,6.443543771612548,6.1953373,6.443543771612548,6.065000797036223,6.195337295532227,1.06816160267797
297,Noah Brown,WAS,WR,4700,BAL,Active,2024,6,,7.652820736475901,6.167130977365155,6.056261,7.652820736475901,6.05626106262207,6.167130977365155,1.312155527098969
298,Trey Sermon,IND,RB,6000,TEN,Active,2024,6,,5.709154921981178,6.421103171469965,6.135345,6.421103171469965,5.709154921981178,6.135344982147217,1.022557497024536
299,CLE,CLE,D,3600,PHI,Active,2024,6,6.170666107333526,,6.066171111004418,6.086754,6.170666107333526,6.066171111004418,6.086753845214844,1.6907649570041232
300,Isaiah Likely,BAL,TE,5800,WAS,Active,2024,6,,6.0250253483191285,6.034595131109303,6.1998997,6.199899673461914,6.0250253483191285,6.034595131109303,1.0404474363981555
301,ARI,ARI,D,3400,GB,Active,2024,6,5.606686940839488,,6.055735778897465,6.0219107,6.055735778897465,5.606686940839488,6.021910667419434,1.7711501962998333
302,Zach Ertz,WAS,TE,5000,BAL,Active,2024,6,,6.653945940311608,6.007496945649774,5.925291,6.653945940311608,5.925291061401367,6.007496945649774,1.2014993891299548
308,DeMario Douglas,NE,WR,5000,HOU,Active,2024,6,,5.9735326411319445,6.001748563464433,6.098969,6.098968982696533,5.9735326411319445,6.001748563464433,1.2003497126928868
310,KJ Osborn,NE,WR,4500,HOU,Q,2024,6,,5.9735326411319445,6.001748563464433,6.098969,6.098968982696533,5.9735326411319445,6.001748563464433,1.3337219029920964
311,CAR,CAR,D,3000,ATL,Active,2024,6,5.391303559165637,,5.923504358235812,5.9125104,5.923504358235812,5.391303559165637,5.912510395050049,1.9708367983500164
312,Andrei Iosivas,CIN,WR,5300,NYG,Active,2024,6,,5.964758298777209,5.7949209035908265,5.910524,5.964758298777209,5.7949209035908265,5.910523891448975,1.1151931870658445
314,Joe Flacco,IND,QB,7200,TEN,Active,2024,6,,4.386456744532788,5.782552099029071,7.1548467,7.154846668243408,4.386456744532788,5.782552099029071,0.8031322359762598
315,NYG,NYG,D,3100,CIN,Active,2024,6,5.887883759592969,,5.760433278219976,5.774671,5.887883759592969,5.760433278219976,5.774671077728272,1.8627971218478296
316,D'Onta Foreman,CLE,RB,5100,PHI,Active,2024,6,,6.241105139347586,5.497963637928122,5.7155004,6.241105139347586,5.497963637928122,5.715500354766846,1.1206863440719306
317,Tyler Boyd,TEN,WR,5000,IND,Active,2024,6,,5.616969995125821,5.763382203648497,5.675341,5.763382203648497,5.616969995125821,5.6753411293029785,1.1350682258605955
318,Mike Gesicki,CIN,TE,5100,NYG,Active,2024,6,,5.6653513018306105,5.627536261565876,5.631285,5.6653513018306105,5.627536261565876,5.631285190582275,1.1041735667808383
322,Jamaal Williams,NO,RB,5300,TB,Active,2024,6,,5.267287091394235,5.687082525383827,5.365619,5.687082525383827,5.267287091394235,5.36561918258667,1.0123809778465416
323,Tyrone Tracy,NYG,RB,5800,CIN,Active,2024,6,,5.346519563637347,5.2905036774816185,5.36567,5.365670204162598,5.2905036774816185,5.346519563637347,0.9218137178685082
324,Emanuel Wilson,GB,RB,5200,ARI,Active,2024,6,,5.654399383353615,5.254212961161222,5.2273607,5.654399383353615,5.227360725402832,5.254212961161222,1.0104255694540811
325,DAL,DAL,D,3300,DET,Active,2024,6,4.773236363173503,,5.229343494560573,5.2508554,5.250855445861816,4.773236363173503,5.229343494560573,1.5846495438062342
328,Erick All,CIN,TE,4500,NYG,Active,2024,6,,5.240478780728404,4.928265777102751,5.087942,5.240478780728404,4.928265777102751,5.087942123413086,1.130653805202908
329,Elijah Moore,CLE,WR,4700,PHI,Active,2024,6,,5.085829018832602,5.101504038164007,4.9451866,5.101504038164007,4.945186614990234,5.085829018832602,1.0820912806026812
330,Dare Ogunbowale,HOU,RB,5400,NE,Active,2024,6,,4.5773305442804,5.055007240861916,5.198663,5.198663234710693,4.5773305442804,5.055007240861916,0.936112452011466
332,WAS,WAS,D,3500,BAL,Active,2024,6,4.683907291451002,,5.000451806927001,5.0382395,5.038239479064941,4.683907291451002,5.000451806927001,1.4287005162648574
334,Jaleel McLaughlin,DEN,RB,5200,LAC,Active,2024,6,,6.030184364221672,4.898103043481732,4.9737363,6.030184364221672,4.898103043481732,4.97373628616333,0.956487747339102
335,Alexander Mattison,LV,RB,5600,PIT,Active,2024,6,,4.587050618945565,4.966975872685696,5.077991,5.077991008758545,4.587050618945565,4.966975872685696,0.8869599772653028
337,Lil'Jordan Humphrey,DEN,WR,4900,LAC,Active,2024,6,,4.815850671436646,4.964455755584062,4.9514103,4.964455755584062,4.815850671436646,4.951410293579102,1.0104918966487964
338,Nelson Agholor,BAL,WR,4900,WAS,Active,2024,6,,5.024423226048526,4.799926779807292,4.788679,5.024423226048526,4.788679122924805,4.799926779807292,0.9795768938382228
364,Trey Benson,ARI,RB,4500,GB,Active,2024,6,,4.643787592648709,4.615672624253984,4.666345,4.666345119476318,4.615672624253984,4.643787592648709,1.03195279836638
366,Tim Patrick,DET,WR,4600,DAL,Active,2024,6,,4.3592162945069255,4.6626962102977885,4.6056495,4.6626962102977885,4.3592162945069255,4.605649471282959,1.001228145931078
367,Adonai Mitchell,IND,WR,5000,TEN,Active,2024,6,,4.138762421970797,4.698571392261905,4.5782747,4.698571392261905,4.138762421970797,4.578274726867676,0.9156549453735352
381,Easton Stick,LAC,QB,6000,DEN,Active,2024,6,,2.3692879767820685,5.0188925533902005,4.5451508,5.0188925533902005,2.3692879767820685,4.5451507568359375,0.757525126139323
387,Chig Okonkwo,TEN,TE,4900,IND,Active,2024,6,,5.047567775327224,4.516710200051727,4.387022,5.047567775327224,4.387022018432617,4.516710200051727,0.9217775918472912
390,Mark Andrews,BAL,TE,5500,WAS,Active,2024,6,,4.516603554227371,4.534310830215532,4.504882,4.534310830215532,4.504881858825684,4.516603554227371,0.8212006462231584
395,Dameon Pierce,HOU,RB,4900,NE,Active,2024,6,,4.372272055643748,4.534588920667448,4.496479,4.534588920667448,4.372272055643748,4.496479034423828,0.9176487825354752
396,Kenneth Gainwell,PHI,RB,4900,CLE,Active,2024,6,,4.324209577663698,4.492671088020717,4.5040793,4.504079341888428,4.324209577663698,4.492671088020717,0.9168716506164728
397,Jonathan Mingo,CAR,WR,5300,ATL,Active,2024,6,,4.532398086144905,4.404378005976984,4.4798064,4.532398086144905,4.404378005976984,4.479806423187256,0.8452464949409917
398,Sterling Shepard,TB,WR,4900,NO,Active,2024,6,,3.715381705700214,4.490306058638216,4.4736414,4.490306058638216,3.715381705700214,4.473641395568848,0.9129880399120096
400,Ja'Lynn Polk,NE,WR,4700,HOU,Active,2024,6,,4.449007467796,4.542391670683375,4.3800197,4.542391670683375,4.380019664764404,4.449007467796,0.9465973335736172
411,Jarrett Stidham,DEN,QB,6000,LAC,Active,2024,6,,2.872755326354544,4.556925077047098,4.358447,4.556925077047098,2.872755326354544,4.358447074890137,0.7264078458150228
415,Van Jefferson,PIT,WR,4800,LV,Active,2024,6,,4.400241931540299,4.320378938355272,4.3365893,4.400241931540299,4.320378938355272,4.336589336395264,0.9034561117490132
423,Luke McCaffrey,WAS,WR,4500,BAL,Active,2024,6,,5.203979411325645,4.288142948746796,4.2994742,5.203979411325645,4.288142948746796,4.299474239349365,0.9554387198554144
424,Olamide Zaccheaus,WAS,WR,5100,BAL,Active,2024,6,,4.373160395111056,4.232052870233353,4.2840204,4.373160395111056,4.232052870233353,4.28402042388916,0.840004004684149
427,Miles Sanders,CAR,RB,5200,ATL,Active,2024,6,,4.302692537045004,4.274336572920375,4.165791,4.302692537045004,4.165791034698486,4.274336572920375,0.8219878024846875
434,Emari Demercado,ARI,RB,4600,GB,Active,2024,6,,4.204543189086655,4.363489321656679,4.213145,4.363489321656679,4.204543189086655,4.213144779205322,0.9159010389576788
435,Jordan Akins,CLE,TE,4800,PHI,Active,2024,6,,4.5727144677658,4.210032252997888,4.04749,4.5727144677658,4.047490119934082,4.210032252997888,0.8770900527078934
436,Theo Johnson,NYG,TE,4900,CIN,Active,2024,6,,4.263449311652248,4.204206512528361,4.203011,4.263449311652248,4.2030110359191895,4.204206512528361,0.8580013290874207
439,Malik Heath,GB,WR,4700,ARI,Active,2024,6,,3.844090954665702,4.256594191477521,4.1708956,4.256594191477521,3.844090954665702,4.170895576477051,0.8874245907397981
443,Hendon Hooker,DET,QB,6000,DAL,Active,2024,6,,2.320424429322709,4.364587679260395,4.0939054,4.364587679260395,2.320424429322709,4.093905448913574,0.682317574818929
444,Jake Fromm,DET,QB,6000,DAL,Active,2024,6,,2.320424429322709,4.364587679260395,4.0939054,4.364587679260395,2.320424429322709,4.093905448913574,0.682317574818929
445,Kalif Raymond,DET,WR,4500,DAL,Active,2024,6,,3.691621988694172,4.11115752368285,4.0360446,4.11115752368285,3.691621988694172,4.036044597625732,0.896898799472385
446,Parris Campbell,PHI,WR,5200,CLE,Active,2024,6,,4.034104305200561,4.03199156003873,4.15118,4.151179790496826,4.03199156003873,4.034104305200561,0.7757892894616463
447,Charlie Kolar,BAL,TE,4800,WAS,Active,2024,6,,3.67083675025662,4.0195116672384295,4.015765,4.0195116672384295,3.67083675025662,4.015765190124512,0.8366177479426066
451,Jalen McMillan,TB,WR,4500,NO,Q,2024,6,,3.8601248373551487,4.001583057138026,4.0344734,4.034473419189453,3.8601248373551487,4.001583057138026,0.8892406793640059
453,Tyler Goodson,IND,RB,4700,TEN,Active,2024,6,,3.755612217941801,4.090423147027919,3.9653168,4.090423147027919,3.755612217941801,3.9653167724609375,0.8436844196725399
455,Daniel Bellinger,NYG,TE,4500,CIN,Active,2024,6,,4.1108386752600135,3.9015686344738034,3.9581478,4.1108386752600135,3.9015686344738034,3.9581477642059326,0.8795883920457628
456,Treylon Burks,TEN,WR,4500,IND,Active,2024,6,,3.784203154316917,4.034974741058278,3.9334784,4.034974741058278,3.784203154316917,3.933478355407715,0.8741063012017144
461,Jonathan Ward,PIT,RB,4700,LV,Active,2024,6,,4.113300852782567,3.929785635580333,3.7498226,4.113300852782567,3.749822616577149,3.929785635580333,0.8361246033149644
462,Hayden Hurst,LAC,TE,4600,DEN,Active,2024,6,,3.972395333577919,3.911341738861594,3.6908195,3.972395333577919,3.690819501876831,3.911341738861594,0.850291682361216
464,Devin Leary,BAL,QB,6000,WAS,Active,2024,6,,2.098923454182993,3.959014351512744,3.9036934,3.959014351512744,2.098923454182993,3.903693437576294,0.6506155729293823
465,Malik Cunningham,BAL,QB,6000,WAS,Active,2024,6,,2.098923454182993,3.959014351512744,3.9036934,3.959014351512744,2.098923454182993,3.903693437576294,0.6506155729293823
466,Emory Jones,BAL,QB,6000,WAS,Active,2024,6,,2.098923454182993,3.959014351512744,3.9036934,3.959014351512744,2.098923454182993,3.903693437576294,0.6506155729293823
469,Austin Hooper,NE,TE,4500,HOU,Active,2024,6,,4.549937255322879,3.8790433461997775,3.8242476,4.549937255322879,3.8242475986480713,3.8790433461997775,0.8620096324888397
470,Calvin Austin,PIT,WR,5100,LV,Active,2024,6,,3.869823862784637,3.914170861333341,3.8615746,3.914170861333341,3.861574649810791,3.869823862784637,0.7587889927028699
472,Sam Hartman,WAS,QB,6000,BAL,Active,2024,6,,2.2650876603887644,3.865784087534088,3.9036934,3.903693437576294,2.2650876603887644,3.865784087534088,0.6442973479223479
473,Alex McGough,GB,QB,6000,ARI,Q,2024,6,,2.212854155402487,4.170700333351357,3.8386774,4.170700333351357,2.212854155402487,3.838677406311035,0.6397795677185059
474,Rocky Lombardi,CIN,QB,6000,NYG,Active,2024,6,,2.305478096328074,4.057702415158021,3.8386774,4.057702415158021,2.305478096328074,3.838677406311035,0.6397795677185059
477,Ameer Abdullah,LV,RB,4800,PIT,Active,2024,6,,3.674252568312807,3.909941001033409,3.8086581,3.909941001033409,3.674252568312807,3.808658123016357,0.7934704422950745
480,Troy Franklin,DEN,WR,4600,LAC,Active,2024,6,,3.724295222000905,3.7402119575637647,3.5888376,3.7402119575637647,3.5888376235961914,3.724295222000905,0.8096293960871531
482,Jahan Dotson,PHI,WR,5600,CLE,Active,2024,6,,3.3623160569935333,3.781445927818415,3.7107565,3.781445927818415,3.3623160569935333,3.710756540298462,0.6626350964818682
486,Michael Pratt,TB,QB,6000,NO,Active,2024,6,,2.3980487289388703,4.005057516216188,3.6993651,4.005057516216188,2.3980487289388703,3.699365139007568,0.6165608565012614
487,Zack Annexstad,TB,QB,6000,NO,Q,2024,6,,2.3980487289388703,4.005057516216188,3.6993651,4.005057516216188,2.3980487289388703,3.699365139007568,0.6165608565012614
488,Kylen Granson,IND,TE,4700,TEN,Active,2024,6,,3.829245827134498,3.690443382568097,3.587462,3.829245827134498,3.5874619483947754,3.690443382568097,0.7852007196953399
490,John Paddock,ATL,QB,6000,CAR,Active,2024,6,,2.0229293018895333,3.9981773540710175,3.657905,3.9981773540710175,2.0229293018895333,3.657905101776123,0.6096508502960205
491,Nathan Rourke,ATL,QB,6000,CAR,Active,2024,6,,2.0229293018895333,3.9981773540710175,3.657905,3.9981773540710175,2.0229293018895333,3.657905101776123,0.6096508502960205
492,Michael Penix,ATL,QB,6000,CAR,Active,2024,6,,2.0229293018895333,3.9981773540710175,3.657905,3.9981773540710175,2.0229293018895333,3.657905101776123,0.6096508502960205
496,Grant Calcaterra,PHI,TE,4600,CLE,Active,2024,6,,3.6039480255083136,3.6624912482800966,3.6072035,3.6624912482800966,3.6039480255083136,3.607203483581543,0.7841746703438137
498,Jalen Brooks,DAL,WR,4500,DET,Active,2024,6,,3.485899098991485,3.684037908322295,3.5961869,3.684037908322295,3.485899098991485,3.596186876296997,0.7991526391771104
499,Marcus Mariota,WAS,QB,6000,BAL,Active,2024,6,,2.070967681925656,3.73090345671166,3.5918062,3.73090345671166,2.070967681925656,3.591806173324585,0.5986343622207642
501,Jake Luton,CAR,QB,6000,ATL,Q,2024,6,,2.357019126644808,3.830678924409464,3.584012,3.830678924409464,2.357019126644808,3.584012031555176,0.5973353385925293
502,Jack Plummer,CAR,QB,6000,ATL,Active,2024,6,,2.357019126644808,3.830678924409464,3.584012,3.830678924409464,2.357019126644808,3.584012031555176,0.5973353385925293
504,Foster Moreau,NO,TE,4700,TB,Active,2024,6,,3.6214238527075815,3.5495445171205944,3.5751026,3.6214238527075815,3.5495445171205944,3.575102567672729,0.7606601207814317
505,Tanner McKee,PHI,QB,6000,CLE,Active,2024,6,,2.0171492303972447,3.9981773540710175,3.5627148,3.9981773540710175,2.0171492303972447,3.5627148151397705,0.593785802523295
506,Will Grier,PHI,QB,6000,CLE,Active,2024,6,,2.0171492303972447,3.9981773540710175,3.5627148,3.9981773540710175,2.0171492303972447,3.5627148151397705,0.593785802523295
508,Mason Tipton,NO,WR,4600,TB,Active,2024,6,,3.40364968664428,3.6146372302582015,3.5349274,3.6146372302582015,3.40364968664428,3.5349273681640625,0.7684624713400136
509,Luke Schoonmaker,DAL,TE,4700,DET,Active,2024,6,,3.631632898248056,3.5035538621272893,3.4885707,3.631632898248056,3.4885706901550293,3.5035538621272893,0.7454369919419764
511,Jacob Sirmon,CLE,QB,6000,PHI,Active,2024,6,,2.314227750740766,3.830678924409464,3.4888217,3.830678924409464,2.314227750740766,3.4888217449188232,0.5814702908198038
512,Will Dissly,LAC,TE,4800,DEN,Active,2024,6,,3.820761086240044,3.400276271427597,3.4851854,3.820761086240044,3.400276271427597,3.485185384750366,0.7260802884896597
516,Malik Willis,GB,QB,6000,ARI,Active,2024,6,,2.1484822427934933,3.462212603969675,3.5869515,3.586951494216919,2.1484822427934933,3.462212603969675,0.5770354339949458
520,Mo Alie-Cox,IND,TE,4600,TEN,Active,2024,6,,3.587480386510366,3.4221803692089505,3.4150836,3.587480386510366,3.415083646774292,3.4221803692089505,0.7439522541758589
526,Tommy DeVito,NYG,QB,6000,CIN,Active,2024,6,,1.936218920769033,3.455555067613683,3.3641055,3.455555067613683,1.936218920769033,3.364105463027954,0.5606842438379923
528,Elijah Higgins,ARI,TE,4900,GB,Active,2024,6,,3.409597054422933,3.3030503396955195,3.3364305,3.409597054422933,3.3030503396955195,3.336430549621582,0.6809041938003229
539,Xavier Hutchinson,HOU,WR,4900,NE,Active,2024,6,,3.004071513727814,3.3098651484187083,3.2471807,3.3098651484187083,3.004071513727814,3.247180700302124,0.6626899388371682
542,Dyami Brown,WAS,WR,4800,BAL,Active,2024,6,,3.105424655209277,3.3653316313753496,3.214532,3.3653316313753496,3.105424655209277,3.214531898498535,0.6696941455205281
547,Carter Bradley,LV,QB,6000,PIT,Active,2024,6,,2.4925213603599943,3.4972978665842422,3.191681,3.4972978665842422,2.4925213603599943,3.191680908203125,0.5319468180338541
549,Brevyn Spann-Ford,DAL,TE,4500,DET,Active,2024,6,,3.156610781653153,3.238292261155696,3.1020088,3.238292261155696,3.102008819580078,3.156610781653153,0.7014690625895896
552,Trey Lance,DAL,QB,6000,DET,Active,2024,6,,2.884035223766665,3.136315408980092,3.5474606,3.547460556030273,2.884035223766665,3.136315408980092,0.5227192348300154
553,Kedon Slovis,HOU,QB,6000,NE,Active,2024,6,,2.133765617890399,3.3598800504285244,3.1312852,3.3598800504285244,2.133765617890399,3.1312851905822754,0.5218808650970459
554,KhaDarel Hodge,ATL,WR,4600,CAR,Active,2024,6,,3.0771819460867893,3.1324799559771903,3.1092484,3.1324799559771903,3.0771819460867893,3.109248399734497,0.6759235651596732
556,Johnny Wilson,PHI,WR,4800,CLE,Active,2024,6,,2.959956160873203,3.245572959389246,3.0921988,3.245572959389246,2.959956160873203,3.092198848724365,0.6442080934842428
560,Eric Gray,NYG,RB,4700,CIN,Active,2024,6,,3.138207330005865,3.0500802232889384,3.0505502,3.138207330005865,3.0500802232889384,3.0505502223968506,0.6490532388078406
563,Ja'Tavion Sanders,CAR,TE,4800,ATL,Active,2024,6,,2.6684230395938333,3.025288950307924,3.0109406,3.025288950307924,2.6684230395938333,3.0109405517578125,0.6272792816162109
565,Luis Perez,LAC,QB,6000,DEN,Active,2024,6,,2.2959246335344674,3.4972978665842422,3.0038311,3.4972978665842422,2.2959246335344674,3.003831148147583,0.5006385246912638
566,Casey Bauman,LAC,QB,6000,DEN,Active,2024,6,,2.2959246335344674,3.4972978665842422,3.0038311,3.4972978665842422,2.2959246335344674,3.003831148147583,0.5006385246912638
567,Max Duggan,LAC,QB,6000,DEN,Active,2024,6,,2.2959246335344674,3.4972978665842422,3.0038311,3.4972978665842422,2.2959246335344674,3.003831148147583,0.5006385246912638
569,John Wolford,TB,QB,6000,NO,Active,2024,6,,2.2571662002009933,3.168886300997889,2.9981334,3.168886300997889,2.2571662002009933,2.998133420944214,0.4996889034907023
572,Logan Woodside,CIN,QB,6000,NYG,Active,2024,6,,2.9678450653217303,2.9778662784201844,2.3076568,2.9778662784201844,2.307656764984131,2.9678450653217303,0.4946408442202883
573,Joe Milton,NE,QB,6000,HOU,Active,2024,6,,2.409010445766252,3.4972978665842422,2.9346464,3.4972978665842422,2.409010445766252,2.9346463680267334,0.4891077280044555
577,Kayshon Boutte,NE,WR,4600,HOU,Active,2024,6,,3.2575169427022024,2.9042813873663667,2.8911989,3.2575169427022024,2.891198873519897,2.9042813873663667,0.6313655189926884
579,Sam Ehlinger,IND,QB,6000,TEN,Active,2024,6,,1.9566197300192243,3.2919106514099177,2.8994517,3.2919106514099177,1.9566197300192243,2.899451732635498,0.4832419554392497
592,Jeff Driskel,WAS,QB,6000,BAL,Active,2024,6,,2.170605486707047,3.147607135367106,2.6996946,3.147607135367106,2.170605486707047,2.6996946334838867,0.4499491055806477
593,Gardner Minshew,LV,QB,6500,PIT,Active,2024,6,,2.169529273622808,2.7282202138127363,2.6958563,2.7282202138127363,2.169529273622808,2.6958563327789307,0.4147471281198354
594,Desmond Ridder,ARI,QB,6000,GB,Active,2024,6,,2.323885640595562,2.6827895234777834,2.829354,2.829354047775269,2.323885640595562,2.6827895234777834,0.4471315872462972
608,Adam Trautman,DEN,TE,4500,LAC,Active,2024,6,,2.814946256157472,2.5788836724868203,2.5377247,2.814946256157472,2.537724733352661,2.5788836724868203,0.5730852605526268
609,Kenny Pickett,PHI,QB,6000,CLE,Active,2024,6,,1.4146468319183898,2.604235672079321,2.5782025,2.604235672079321,1.4146468319183898,2.578202486038208,0.4297004143397013
611,Darnell Washington,PIT,TE,4800,LV,Active,2024,6,,2.405357332018125,2.5736599525051806,2.5669138,2.5736599525051806,2.405357332018125,2.5669138431549072,0.534773717323939
622,Zach Wilson,DEN,QB,6000,LAC,Active,2024,6,,1.8544944503146348,3.170663809859993,2.5153108,3.170663809859993,1.8544944503146348,2.515310764312744,0.4192184607187907
623,Mason Rudolph,TEN,QB,6600,IND,Active,2024,6,,1.7650749154643746,2.4868616483225616,2.574735,2.574734926223755,1.7650749154643746,2.4868616483225616,0.3767972194428123
625,Taylor Heinicke,LAC,QB,6000,DEN,Active,2024,6,,2.0736731126891117,3.321350554630232,2.477397,3.321350554630232,2.0736731126891117,2.4773969650268555,0.4128994941711426
631,Cooper Rush,DAL,QB,6000,DET,Active,2024,6,,1.36182773991747,2.410523170007442,2.5510588,2.551058769226074,1.36182773991747,2.410523170007442,0.401753861667907
632,Sean Clifford,GB,QB,6000,ARI,Active,2024,6,,1.506322018064557,2.408961033077224,2.761141,2.761141061782837,1.506322018064557,2.408961033077224,0.4014935055128706
633,Jacoby Brissett,NE,QB,6400,HOU,Active,2024,6,,2.024506166925886,2.660290272852604,2.400993,2.660290272852604,2.024506166925886,2.4009931087493896,0.3751551732420921
635,Nate Sudfeld,DET,QB,6000,DAL,Active,2024,6,,1.7268736870350736,2.395291208368968,2.6361008,2.6361007690429688,1.7268736870350736,2.395291208368968,0.399215201394828
636,Bryce Young,CAR,QB,6000,ATL,Active,2024,6,,1.689031191096737,2.571883610649436,2.3848257,2.571883610649436,1.689031191096737,2.3848257064819336,0.3974709510803222
638,Jacob Eason,GB,QB,6000,ARI,Active,2024,6,,1.6129887087114698,2.8417142208746395,2.3144796,2.8417142208746395,1.6129887087114698,2.3144795894622803,0.3857465982437134
644,Kyle Allen,PIT,QB,6000,LV,Active,2024,6,,2.0293948607567853,2.235322576392168,2.1566992,2.235322576392168,2.0293948607567853,2.156699180603028,0.3594498634338379
645,Dorian Thompson-Robinson,CLE,QB,6000,PHI,Active,2024,6,,1.9097913276122944,2.11944806914726,2.2632766,2.2632765769958496,1.9097913276122944,2.11944806914726,0.3532413448578766
646,Jameis Winston,CLE,QB,6300,PHI,Active,2024,6,,2.5947536721613758,2.1039172205751364,1.8799837,2.5947536721613758,1.87998366355896,2.1039172205751364,0.3339551143770058
647,Davis Mills,HOU,QB,6000,NE,Active,2024,6,,1.7196191139450705,2.0925229213270766,2.0665555,2.0925229213270766,1.7196191139450705,2.0665555000305176,0.3444259166717529
648,Trace McSorley,WAS,QB,6000,BAL,Active,2024,6,,1.9786601691377144,1.9896771822962331,1.8527036,1.9896771822962331,1.85270357131958,1.9786601691377144,0.3297766948562857
649,Kyle Trask,TB,QB,6000,NO,Active,2024,6,,1.2653161667107422,1.9621914352338217,2.0393817,2.039381742477417,1.2653161667107422,1.9621914352338217,0.3270319058723036
650,Jake Haener,NO,QB,6000,TB,Active,2024,6,,1.8995516799699277,1.9621914352338217,2.0393817,2.039381742477417,1.8995516799699277,1.9621914352338217,0.3270319058723036
651,Drew Lock,NYG,QB,6000,CIN,Active,2024,6,,1.808769758829062,2.090297058451984,1.9410754,2.090297058451984,1.808769758829062,1.9410754442214968,0.3235125740369161
652,Clayton Tune,ARI,QB,6000,GB,Active,2024,6,,1.2922853693269674,1.8362483973498689,1.7559167,1.8362483973498689,1.2922853693269674,1.755916714668274,0.2926527857780456
653,Josh Johnson,BAL,QB,6000,WAS,Active,2024,6,,0.7718223350103101,1.7367954287234402,2.1371164,2.1371164321899414,0.7718223350103101,1.7367954287234402,0.28946590478724
654,Nathan Peterman,ATL,QB,6000,CAR,Active,2024,6,,1.2659664519645952,1.753031676940112,1.7146015,1.753031676940112,1.2659664519645952,1.7146015167236328,0.2857669194539388
